number,weibo_text,tokenized_text,opposite_sex_social_avoidance_1,opposite_sex_social_avoidance_2,opposite_sex_social_avoidance
1,#为什么越来越难恋爱了#因为恐男+恐婚+社恐，我只想和女生贴贴,越来越/难/恋爱/恐男/恐婚/社恐/女生/贴/贴,1,1,1
2,每次听朋友讲在酒吧里见到的男人做的事我都要害怕死了恐男了不想认识新男人了,每次/听/朋友/讲/酒吧/见到/男人/做/事/要害/怕死/恐/不想/认识/新/男人,3,1,2
3,#上外男生所投系牛磺酸泡腾片#好恶心啊?越来越恐男了（不正常的男的）,男生/投系/牛磺酸泡腾片/恶心/越来越/恐男/不/正常,4,3,3.5
4,#男子用菜刀砍伤妻子辩称管教不犯法#一天一个恐男恐婚小技巧,男子/菜刀/砍伤/妻子/辩称/管教/不/犯法/恐男/恐婚/技巧,3,3,3
5,世界上正常的男的不多我知道不正常的我真的一个也不想遇到了恐男了,世界/正常/不/知道/不/正常/不想/遇到/恐,3,2,2.5
6,天天看微博上这些热搜都厌男了多报道点好男人吧要不觉得女生好惨,天天/微博/热/搜/厌/报道/点好/男人/不/女生/好惨,3,3,3
7,一个普通的周末，在B站看了两个印象深刻的视频，一个是一个潮汕年轻导演拍的一个纪录片讲的是潮汕妈妈的日常，吃苦耐劳，无私付出，有着自己的一套认知和准则，越长大越会关注自己家乡，我慢慢开始品味出来，人呐，永远都甩不开离不了自己生长的土地，哪怕你抗拒，你仍旧是那个地方的人，是一个虔诚的捍卫者。我忽然想起了莱农最后还是回到了那不勒斯那个小小的镇。第二个视频是刚刚看完的13分钟的恐婚恐育恐男视频，期间我一度想要关掉，但我还是忍着不适认真的看完，妻子歇斯底里地诉说委屈而丈夫一脸麻木的冷漠，怀孕的时候买了一个衣服妻子说好不好看，丈夫说像堵墙，婆婆说产检孩子个头太小了，逼着吃不下肥肉的妻子吃掉转头在厕所狂吐，没有收入来源只能像乞求一样地伸手向丈夫要钱，还要遭受羞辱.....现实无法理想化，但它可以让旁观者的我们更多清醒的思考空间。再送给如果能看到我微博的大家一段我最近收藏的话，是来自一个都是女生的群，三八妇女节那天分享的一段话：姐妹们，人生是旷野，不是赛道，祝所有女性妇女节快乐。祝你们的脚步踏遍人类智识的所有角落，在结构性限制与压迫彻底消除之前，不要轻易相信天赋的倒果为因。祝你们在男性霸占的领域夺回自己应有的成就。祝你们无论在大众文化中，还是亲密关系里，不被物化、矮化、附庸化、宠物化，能够得到真正平等的爱与尊重。当然，如果你们不需要的话，也祝你们可以摆脱爱情的桎梏，得到更广阔的自由。祝你们的生存与事业不因性别受到显性或隐性的阻碍与伤害。祝你们成功，同时也祝你们无论是否达到世俗意义上的卓越，都能够拥有不被轻蔑、歧视与践踏的尊严，拥有任何女性都应该享有的权益，无需条件。,普通/周末/B/站/印象/深刻/视频/潮汕/年轻/导演/拍/纪录片/讲/潮汕/妈妈/日常/吃苦耐劳/无私/付出/有着/一套/认知/准则/越/长大/越会/关注/家乡/慢慢/品味/人呐/甩不开/离不了/生长/土地/抗拒/地方/虔诚/捍卫者/想起/莱农/最后/回到/那不勒斯/小小的/镇/第二个/视频/刚刚/看完/13/分钟/恐婚/恐育/恐/视频/期间/一度/想要/关掉/忍着/不适/认真/看完/妻子/歇斯底里/诉说/委屈/丈夫/一脸/麻木/冷漠/怀孕/买/衣服/妻子/好不好/丈夫/堵墙/婆婆/说产检/孩子/个头/太小/逼/吃不下/肥肉/妻子/吃掉/转头/厕所/狂吐/没有/收入/来源/只能/乞求/伸手/丈夫/要钱/遭受/羞辱/现实/无法/理想化/旁观者/更多/清醒/思考/空间/送给/看到/微博/一段/最近/收藏/女生/群/三八妇女节/那天/分享/一段话/姐妹/人生/旷野/赛道/祝/女性/妇女节/快乐/祝你们/脚步/踏遍/人类/智识/角落/结构性/限制/压迫/彻底消除/之前/不要/轻易/相信/天赋/倒果为因/祝你们/男性/霸占/领域/夺回/应有/成就/祝你们/大众文化/中/亲密关系/不/物化/矮化/附庸/化/宠物/化/得到/真正/平等/爱/尊重/不/需要的话/祝你们/摆脱/爱情/桎梏/得到/更/广阔/自由/祝你们/生存/事业/不因/性别/显性/隐性/阻碍/伤害/祝你们/成功/祝你们/是否/达到/世俗/意义/卓越/拥有/不/轻蔑/歧视/践踏/尊严/拥有/女性/应该/享有/权益/无需/条件,1,3,2
8,#官方通报两岁女童排除性侵可能#不怪网友担心，许超医生发的孩子患处图片我看了，的确不忍直视…但是借此污蔑女孩爷爷父亲性侵的，借机鼓动厌男的，挑动对立的，麻烦也处置下！不能让他们到处兴风作浪了！L马上谈的微博视频,两岁/女童/排除/性侵/不怪/网友/担心/许超/医生/发/孩子/患处/图片/不忍/直视/借此/污蔑/女孩/爷爷/父亲/性侵/借机/鼓动/厌/挑动/对立/麻烦/处置/不能/到处/兴风作浪/L/马上/谈/微博/视频,1,1,1
9,B295【投稿】bot好，因为前两天那个玻珠逃离农村重男轻女的原生家庭和小狗一起流浪的投稿知道了bot，一条条翻下去然后一边看一边哭。高柱出生在jhsy的年代有个大两岁半的哥哥，豹豹猫猫生高柱是因为豹豹不戴套猫猫生完哥哥后面已经流产过一次怕流产疼所以生了高柱。高柱出生一个月就被丢在农村奶奶家与苍蝇为伴，六个月大的时候因为在院子里吃垃圾吃坏肚子高烧到42度好几天，居然没有烧成傻子。高柱的猫猫不喜欢高柱，哥哥是个基本盘男宝经常打高柱，家里只有豹豹对高柱好但是在高柱12岁的时候诿卸高柱。幸运的是高柱一直学习很好，从很好的大学毕业有了一份体面但不赚钱的工作，家人之间看起来也其乐融融但是只有高柱自己知道自己有多恨他们，高柱心里没有爱只有恨。高柱上学的时候互联网刚开始流行大家都没有手机，高柱一直在自己用书本和大自然构筑的世界里生长，到了大学才开始接触到人类社会，知道人和人的差距有那么大，原生家庭带来的眼界局限性基本决定了一个人的一生，高柱的同学都出国出省随便玩，很早就规划好了自己将来的方向，高柱不知道自己要干什么，豹豹猫猫给的生活费只够基本生活他们也不允许高柱有任何娱乐方面的花销，所以高柱只想着大学毕业就能去工作挣钱养活自己了。高柱现在活成了一只痛苦的猪，即使厌男决定不婚育，也依然每天被工作和生活中各种琐事弄得精疲力尽，高柱真的好想变得很有钱很有钱，琼人的生活充满了迁就和节俭，但是高柱的能力和性格注定不是那种赚大钱的人，所以高柱觉得活着真的很没意思。,B295/bot/前两天/玻珠/逃离/农村/重男轻女/原生家庭/小狗/一起/流浪/知道/bot/一条条/翻下去/一边/一边/哭/高柱/出生/jhsy/年代/有个/两岁半/哥哥/豹/豹猫/猫生/高柱/是因为/豹豹/不/戴套/猫猫/生完/哥哥/后面/流产/一次/怕/流产/疼/生了/高柱/高柱/出生/一个月/丢/农村/奶奶家/苍蝇/为伴/六个月/院子/吃/垃圾/吃坏/肚子/高烧/42/度/居然/没有/烧成/傻子/高柱/猫猫/不/喜欢/高柱/哥哥/基本/盘/男宝/经常/打高柱/家里/豹豹/高柱/高柱/12/岁/诿/卸/高柱/幸运/高柱/一直/学习/大学毕业/一份/体面/不/赚钱/工作/家人/之间/看起来/其乐融融/高柱/知道/恨/高柱/心里/没有/爱/恨/高柱/上学/互联网/刚/流行/没有/手机/高柱/一直/书本/大自然/构筑/世界/生长/大学/接触/人类/知道/差距/原生家庭/带来/眼界/局限性/基本/决定/一生/高柱/同学/出国/出省/随便/玩/早就/规划/将来/方向/高柱/不/知道/干什么/豹/豹猫/猫/生活费/只够/基本/生活/不/允许/高柱/娱乐/方面/花销/高柱/想着/大学毕业/工作/挣钱/养活/高柱/活成/一只/痛苦/猪/厌/决定/不/婚育/依然/每天/工作/生活/中/琐事/弄/精疲力尽/高柱/变得/有钱/有钱/琼人/生活/充满/迁就/节俭/高柱/能力/性格/注定/赚大钱/高柱/活着/没意思,1,1,1
10,没开玩笑我除了身边男性好朋友我现在看到别的男的都恶心恐男了彻底恐男了,没/开玩笑/身边/男性/朋友/看到/恶心/恐男/彻底/恐男,4,5,4.5
11,男人发情就要操女人然后女人怀孕生下了悲剧痛苦男人真恶心又是厌男仇男的一天,男人/发情/操/女人/女人/怀孕/生下/悲剧/痛苦/男人/真/恶心/厌/男仇,4,5,4.5
12,最近的新闻以及身边同学的经历让原本恐婚恐孕的我现在直接恐男了听我说谢谢你,最近/新闻/身边/同学/经历/恐婚/恐孕/直接/恐男/听,3,3,3
13,#买超与女子同回酒店#恐男情绪又达到了满级狗屁爱情,买超/女子/同回/恐男/情绪/达到/满级/狗屁/爱情,3,3,3
14,wtm服了我都快把恐婚恐男刻脑门了是get不到我的点还是故意不想说非得老子明说咱俩没戏别再找我吗,wtm/服/快/恐婚/恐男刻/脑门/get/不到/点/故意/不想/非得/老子/明说/咱俩/没戏/找,3,3,3
15,#女硕士遭追求者砍杀案二审将于15日开庭#每天一个恐男小新闻?,女硕士/遭/追求者/砍杀/案二审/15/日/开庭/每天/恐男小/新闻,3,3,3
16,我真的日常恐男了但这只会让我的生活更快乐So…,日常/恐男/只会/生活/更/快乐/So,1,2,1.5
17,这个微博每天刷的我恐男恐婚恐孕对象回家都想给他两脚,微博/每天/刷/恐/恐婚/恐孕/对象/回家/两脚,3,1,2
18,男人们的恋爱超话男人事多起来比女人还事多，这已经不是崆峒了，这是上升到恐男啦,男人/恋爱/男人/事多/起来/女人/还事/崆峒/上升/恐,3,1,2
19,#郸城警方通报男子持刀砍人事件#谢谢恐男一辈子,郸城/男子/持刀/砍/恐男/一辈子,3,3,3
20,我想谈恋爱我不想谈恋爱我想不想谈恋爱到底想不想谈恋爱救命！我恐男（骂骂咧咧）,谈恋爱/不想/谈恋爱/不想/谈恋爱/到底/不想/谈恋爱/救命/我恐/骂骂咧咧,1,1,1
21,今年冬天能不能让我谈一个额啊啊我服了我有点恐男??♂?,今年冬天/不能/谈/额/恐男,1,1,1
22,#为什么越来越难恋爱了#因为男的有病，因为恐男，因为恐婚恐育,越来越/难/恋爱/病/恐男/恐婚/恐育,3,2,2.5
23,#恐婚的年轻人究竟在怕什么#恐男怕婚闹怕家暴怕妈宝怕软饭,恐婚/年轻人/究竟/怕/恐男怕/婚闹/怕/家暴/怕/妈宝怕/软饭,3,3,3
24,#恐婚的年轻人究竟在怕什么#这热搜说降就降，完全消失了你说怕什么？一个人过的好好的干嘛要结婚，我恐男,恐婚/年轻人/究竟/怕/这热/搜说/降/降/完全/消失/怕/人过/好好/结婚/我恐,1,3,2
25,最近真的太恐男了已经无法分辨到底是因为身边的事情恐男还是网上的事情恐男了,最近/太恐/无法/分辨/到底/是因为/身边/事情/恐男/网上/事情/恐男,3,2,2.5
26,救命啊啊啊啊啊啊啊为什么有的男的能这么恶心这么油腻这么猥琐啊啊啊啊啊我要恐男了???????????,救命/恶心/油腻/猥琐/恐,4,4,4
27,厌男只针对三四十的油腻男当然也不乏26岁后的油腻男?,厌/三四十/油腻/不乏/26/岁/油腻,3,1,2
28,这不是女性成长片，这是恐婚恐男宣传片，全剧只有关涛一个好男人是吧,女性/成长/片/恐婚/恐男/宣传片/全剧/涛/男人,1,1,1
29,#郸城警方通报男子持刀砍人事件#唐山那个没过去多长时间又出个这个…谢谢连夜爬上恐男山了,郸城/男子/持刀/砍/没/过去/多长时间/出个/连夜/爬/恐/男山,3,3,3
30,可恶连做梦都是男人控制不住自己的情绪当街殴打女性被吓醒的那一刻真的恐男了,可恶/做梦/男人/控制/不住/情绪/当街/殴打/女性/醒/那一刻/恐男,4,4,4
31,男的怎么说出来让女人别恐男的话你猜一下女的为什么恐男呢,女人/别恐/猜/女/恐男,1,3,2
32,不想恋爱不想结婚不想生娃对男人没信心只会伤害女人所有的风浪都是男人带来的恐男,不想/恋爱/不想/结婚/不想/生娃/男人/没/信心/只会/伤害/女人/风浪/男人/带来/恐,3,3,3
33,#女子在酒吧厕所被男子强行拖进隔间#无论是什么关系都不能当着那么多人的面撕人家女孩的衣服又是恐男的一天,女子/酒吧/厕所/男子/强行/拖进/隔间/无论是/关系/不能/多人/面/撕/女孩/衣服/恐,3,3,3
34,#李润祺祖师妹#额最近流行爆渣男是吧一天一个恐男婚婚小技巧,李润祺/祖/师妹/额/最近/流行/爆/渣男/恐男婚/婚/技巧,3,2,2.5
35,我他妈都说了我现在恐男…男的能不能别说话了,妈/恐男/不能/说话,2,2,2
36,男的好可怕读了书的更可怕我真的恐男了是不是以后找单纯老公只能找农民了啊妈的,可怕/读/书/更/可怕/恐男/是不是/以后/找/单纯/老公/只能/找/农民/妈,3,3,3
37,#如何回复普信男#看到群里男生nt发言就恶心每日恐男小技巧get?,回复/普信男/看到/群里/男生/nt/发言/恶心/每日/恐男小/技巧/get,4,3,3.5
38,这年头教学楼保安都在随意judge女生了吗没有歧视保安的意思但真是普通又自信呢今日份第1000次厌男,这年头/教学楼/保安/随意/judge/女生/没有/歧视/保安/意思/真是/普通/自信/今日份/1000/次厌,3,3,3
39,#唐山再现打人事件#今天还是恐男的一天……,再现/打人/今天/恐男,3,3,3
40,#母女上楼被雨衣男子拖走#真的很恐怖啊，真的很恐男了，救命，还有没有王法了啊，女孩子就该这样被对待吗！！！！！所以现在回家也不安全了是吗，男人可不可以管好自己管好下半身啊！！！！,上楼/雨衣男/子/拖走/恐怖/很恐/救命/没有/王法/女孩子/回家/不/安全/男人/可不可以/管好/管好/下半身,3,4,3.5
41,看了今天晚上的两场电影（她经过风暴，学爸），主打的就是不敢结婚恐男不敢生娃负担不起责任,今天/两场/电影/风暴/学爸/主打/不敢/结婚/恐男/不敢/生娃负/担不起/责任,3,3,3
42,#妻子遭调戏丈夫出面阻止被持刀追砍#妈的又是恐男的一天我还是一个人过吧,妻子/遭/调戏/丈夫/出面/阻止/持刀/追/砍/妈/恐/人过,5,4,4.5
43,#未婚夫想通过婚姻改变命运#别骗小姑娘了直接找个富婆多好打开微博，每天一个恐婚恐男小技巧,未婚夫/婚姻/改变命运/别骗/小姑娘/直接/找个/富婆/多好/打开/微博/每天/恐婚/恐男小/技巧,3,3,3
44,zaitmd也不想和学弟说话了问就是每天get一个厌男小技巧我不是上帝么我怎么像孙子一样就因为我俩没“互相理解”？不想和他争论了然后就忍了但还是想吐槽忍的没度了,zaitmd/不想/学弟/说话/问/每天/get/厌男小/技巧/上帝/孙子/我俩/没/互相理解/不想/争论/忍/想吐槽/忍/没度,3,3,3
45,#罗冠军#一早醒了就看到这事真的恶心日常恐男,罗/冠军/一早/醒/看到/事/恶心/日常/恐男,4,4,4
46,#警方回应女子被男子拖进厕所隔间#真的要恐男了?,回应/女子/男子/拖进/厕所隔间/恐,3,3,3
47,#严惩唐山烧烤店打人事件狂徒#店外的视频更恐怖，看完一阵寒意，恐男了,严惩/唐山烧烤店/打人/狂徒/店外/视频/更/恐怖/看完/一阵/寒意/恐男,3,3,3
48,#严惩唐山烧烤店打人事件狂徒#正因为越来越恐男，所以我写不下去现言了只有女孩子贴贴能让我安心,严惩/唐山烧烤店/打人/狂徒/正/越来越/恐男/写/不/下去/现言/女孩子/贴/贴/安心,3,2,2.5
49,每天一个恐男小技巧#我命油我不油天##如何评价王思聪和孙一宁的爱恨情仇#,每天/恐男小/技巧/我命/油/不油天/评价/王思聪/孙一宁/爱恨/情仇,3,3,3
50,我发誓至少两个星期都学到晚上十一点以后了就今天！就今天想休息一下出来操场听会歌被球砸到脚踝辣么重辣么重！！！踢足球踢到跑道你还有理了每日一个恐男小技巧…,发誓/至少/学到/十一点/以后/今天/今天/休息/操场/听/会歌/被球/砸/脚踝/辣/重辣/重/踢足球/踢/跑道/理/每日/恐男小/技巧,3,3,3
51,#恐男日常#希望?们不要在和我说话别理我谢谢,恐男/日常/希望/不要/说话/别理,5,2,3.5
52,#白色月光#啊，准备看看……怎么说，现在已经恐男社交了，不说夫妻之间出轨了，就那些猥琐男，够让人恶心的，尤其是为老不尊贪财好色的伪君子，让我觉得能好好活着就已经很不容易了……,白色/月光/准备/看看/恐男/社交/不/夫妻/之间/出轨/猥琐男/够/恶心/老不尊/贪财好色/伪君子/好好/活着/不/容易,5,4,4.5
53,真的很难过，他凭什么要经历这些事情。每天一些厌男小技巧。,难过/经历/事情/每天/厌男小/技巧,3,3,3
54,这个世界怎么了或者其实是一开始就是这样的不过我一直没发现罢了?厌男情绪达到顶点,世界/一直/没/发现/厌/情绪/达到顶点,5,3,4
55,厌男这事儿就是天天烦天天厌天天都想骂everydayday,厌/事儿/天天/烦/天天/厌/天天/骂/everydayday,2,4,3
56,#12岁男孩性侵同岁脑瘫亲戚#每天一个厌男小技巧。这劣根性是刻在骨子里的吧,12/岁/男孩/性侵/同岁/脑瘫/亲戚/每天/厌男小/技巧/劣根性/刻/骨子里,3,4,3.5
57,真恐婚恐男了，特别害怕以后结婚了被男的给杀了,真/恐婚/恐男/特别/害怕/以后/结婚/杀,5,5,5
58,这辈子心理阴影又来了现在是我的有一个恐男巅峰期,这辈子/心理/阴影/恐男/巅峰期,5,5,5
59,#网传女子被男子拖拽进厕所隔间#又是恐男的一天，真的害怕,网传/女子/男子/拖拽/进/厕所隔间/恐/害怕,3,3,3
60,我真的有时候很厌男都是什么傻diao玩意，妈宝得要死，玻璃心得要死，还喜欢对女生荡妇羞辱，比不起女生就说别人靠不正经路线。这种diao，给他个这种路子道德丢得比谁都快。玻璃心得要死，真口区了！这种就是他妈当时求神拜佛生下来要继承皇位的?八玩意,有时候/很厌/傻/diao/玩意/妈宝/要死/玻璃/心得/要死/喜欢/女生/荡妇/羞辱/比不起/女生/不正经/路线/这种/diao/这种/路子/道德/丢得/快/玻璃/心得/要死/真/口区/这种/他妈/当时/求神拜佛/生/下来/继承/皇位/八/玩意,4,4,4
61,厌男情绪在这几天大爆发我有罪的话可以惩罚我…跟男的聊天都少活几年,厌/情绪/爆发/有罪/惩罚/聊天/少活/几年,5,5,5
62,其实我也挺厌男的，童年过得并不快乐，想去哪里都去不到，写不好作业考不了好成绩就被爸爸打，即使我考得不错他也没奖励我什么，我有一段时间是放弃学习的，无论我怎么样都是白费的，小学中后段还被班里的男孩子集体排挤欺负我，所以对男孩子阴影很深。在原生态来讲我根本不信任任何一个男人包括我爸爸，即使他现在做生意有些钱了，能来弥补过去的错误，身边的男生都比较随和友好，不像之前那些混账对我拳打脚踢的，但是心灵的伤疤是完全好不了的，它就在那里无论怎么粉饰它，它总是会在那里，唯一能做的就是不伤害它，防止它继续流血。然而有的人明明就听了我的很多经历，但却装聋作哑，即使你经历的痛苦比我多也不允许用你的自私和欲望来伤害我，恶心我，这让我更加厌恶男人，更加对男人没有共情能力，难以对任何一个男人产生一点点信任感和安全感，你永远得不到你想要的，我在此永远地诅咒你。,挺/厌/童年/过得/不/快乐/想去/不到/写/不好/作业/考/不了/成绩/爸爸/考得/不错/没/奖励/一段时间/放弃/学习/白费/小学/中/后段/班里/男孩子/集体/排挤/欺负/男孩子/阴影/很深/原生态/来讲/根本/不/信任/男人/包括/爸爸/做生意/钱/能来/弥补/过去/错误/身边/男生/比较/随和/友好/不像/之前/混账/拳打脚踢/心灵/伤疤/完全/不了/粉饰/总是/唯一/做/不/伤害/防止/继续/流血/明明/听/很多/经历/装聋作哑/经历/痛苦/不/允许/自私/欲望/伤害/恶心/更加/厌恶/男人/更加/男人/没有/共情/能力/难以/男人/产生/信任感/安全感/得不到/想要/诅咒,5,3,4
63,讲道理，我以前对男性真的没有过多的厌恶或者不喜欢，但是今天发生的事情让我彻彻底底的开始厌男了,讲道理/以前/男性/没有/过多/厌恶/不/喜欢/今天/发生/事情/彻彻底底/厌,1,3,2
64,#唐山男子打人前对女孩说侮辱性字眼#真的很恶心男的是不是整天就知道那点事?看了这两天的新闻之后真的失望透顶本来对恋爱抱有幻想的我逐渐开始产生恐男情绪我还是好好追星吧,男子/打人/前/女孩/侮辱性/字眼/恶心/是不是/整天/知道/那点/事/两天/新闻/失望透顶/本来/恋爱/抱有幻想/逐渐/产生/恐男/情绪/好好/追星,4,4,4
65,真的好讨厌猪男啊吃饭要哼吃完一躺抽烟喝酒不干事每日恐婚恐男+1,讨厌/猪/吃饭/吃/完一/躺/抽烟/喝酒/不/干事/每日/恐婚/恐男,3,5,4
66,#上外通报一学生被投放异物#最近真的恐男套餐刷新三观,学生/投放异物/最近/恐男/套餐/刷新/三观,3,4,3.5
67,在今天我要表明一下自己的立场，顺直朋友们如果你在我这里吐槽你的老公又转头与他相爱，我会恨你并且与你绝交。不要把我当垃圾桶，我就是脑子拐不过弯，无法根据现实情况改变思想，会站在你立场上狠狠讨厌你的老公，顺便讨厌世界上所有的男人。是的，我厌男是你害的。,今天/我要/表明/立场/朋友/吐槽/老公/转头/相爱/我会/恨/绝交/不要/垃圾桶/脑子/拐/弯/无法/现实情况/改变/思想/会站/立场/狠狠/讨厌/老公/顺便/讨厌/世界/男人/厌/害,2,3,2.5
68,我真的特别讨厌厌男不包括正常男性这种说辞，既然你讨厌的只是不正常男性那不是厌男，那是讨厌sb,特别/讨厌/厌/不/包括/正常/男性/这种/说辞/讨厌/不/正常/男性/厌/讨厌/sb,1,2,1.5
69,真真真真真的恐男完全不知道怎么回复别人消息尴尬极了尴尬极了毁灭吧,恐男/完全/不/知道/回复/消息/尴尬/尴尬/毁灭,1,2,1.5
70,#网传女子被男子拖拽进厕所隔间#又是恐男小技巧啊！,网传/女子/男子/拖拽/进/厕所隔间/恐/技巧,3,3,3
71,想说明一下我昨天那个微博（没说清所以删了我说我厌男厌恶的是那类油腻自以为是大男子主义的渣男看qj以及对女性施暴的新闻看的我真的好心痛小吴推荐我看的摩天大楼我不敢看女性到底要怎样做才能平平安安呢？受害者不光是女性还有男性（推荐看卷福演的帕特里克梅尔罗斯）那些畜生只会用下半身思考的蠕虫不他们连思考都不会连畜生都不如根本不配活着?如果法律都没办法作为最后的保障受害人该有多绝望啊？！,说明/昨天/微博/没说/清/删了/厌/厌恶/那类/油腻/自以为是/大男子主义/渣男/qj/女性/施暴/新闻/心痛/吴/推荐/摩天大楼/不敢/女性/到底/做/平平安安/受害者/女性/男性/推荐/看卷/福演/帕特里克/梅尔/罗斯/畜生/会用/下半身/思考/蠕虫/不/思考/不会/畜生/根本/不配/活着/法律/没/办法/最后/保障/受害人/绝望,5,3,4
72,我的厌男情绪通常在虎扑步行街发我喜欢的小姐姐的博的评论区里呈指数上升,厌/情绪/通常/虎/扑/步行街/发/喜欢/小姐姐/博/评论/区里/呈/指数/上升,1,3,2
73,#孕妇出车祸瘫痪丈夫欲离婚#妇联存在吗？恐男了…,孕妇/出车祸/瘫痪/丈夫/欲/离婚/妇联/存在/恐,3,3,3
74,一天一个恐男小技巧今天听室友说她今天看到的一件事成功让我yue了,恐男小/技巧/今天/听/室友/今天/看到/一件/事/成功,4,4,4
75,#男子因吵架拿啤酒瓶刺死女友#每天一个恐男小故事,男子/吵架/啤酒瓶/刺死/女友/每天/恐男小/故事,3,3,3
76,西八当我发现不止一个男的上厕所不洗手我恐男+1分,西八当/发现/不止/厕所/不/洗手/我恐/分,3,3,3
77,#缩短教育时间能提高生育率吗#跟本就不是这个问题好吧，现代女性不想结婚生孩子是因为太多的家暴出轨，男的膀大腰圆（不是说所有）啥事没有，女性胖就会因此自卑焦虑（不是说所有），女性想离婚也会因为孩子有顾虑（不是说孩子有错），一面要面临生孩子的痛苦和风险以及抚养孩子长大的责任一面又要面临可能找到一个人渣的风险。而且其实很多时候其实女性如果经济独立就算有孩子也不会有任何问题，在国外就可以买j子，但前提得有钱，只是这对孩子比较不公平，现在中国的女性虽然相较别国受教育程度要高出很多，但还是会有挺多不公平待遇，能靠自己的努力去争取高质量且独立自由的生活，为什么要冒着可能找到一个人渣的风险去过日子呢（况且并不是所有人都这么想）所以缩短教育时间只会让女性学习更加刻苦努力实现财富自由，厌男使生育率再次下降，要真想提高生育率，你可以研究研究人工子宫造就双性人，这样你好我好大家都好,缩短/教育/时间/提高/生育率/问题/现代/女性/不想/结婚/生/孩子/是因为/太多/家暴/出轨/膀大腰圆/啥事/没有/女性/胖就会/自卑/焦虑/女性/离婚/孩子/顾虑/孩子/有错/一面/面临/生/孩子/痛苦/风险/抚养/孩子/长大/责任/一面/面临/找到/人渣/风险/很多/女性/经济/独立/孩子/不会/问题/国外/买/j/子/前提/有钱/孩子/比较/不/公平/中国/女性/相较/别国/受/教育/程度/高出/很多/挺/不/公平/待遇/努力/争取/高质量/独立/自由/生活/找到/人渣/风险/过日子/所有人/缩短/教育/时间/只会/女性/学习/更加/刻苦/努力实现/财富/自由/厌男使/生育率/再次/下降/真想/提高/生育率/研究/研究/人工/子宫/造就/双性人/你好,3,5,4
78,今天又是恐男的一天呢intoyou04针不戳,今天/恐/intoyou04/针/不/戳,1,2,1.5
79,今天本来心情很好的，但是刚刚看微博刷到了西安地铁的事件，真的忍不住自我带入了一下，不管原因为何，那种大庭广众之下被男性扯得衣衫不整，那种无力的绝望感，真的让人心生恐惧。这个社会，真的太让我恐男厌男了，突然就觉得我磕的夫夫cp都是些什么绝世好男人啊，哎！或许这就应了那句话：男的和男的过得很幸福，女的和女的过得也很幸福，但是男的和女的就过不到一起吧。和我身边的朋友聊天，大家的恋爱观婚姻观都差不多，总的来说就是：结个屁婚谁愿意生孩子谁生去吧啥都不如?来的实在，哈哈，我还想着以后和我的姐妹手拉手去跳广场舞哪。以后不刷微博了，真是太影响心情，哼，生气ing！,今天/本来/心情/刚刚/微博/刷/西安地铁/忍不住/自我/带入/原因/大庭广众/之下/男性/扯/衣衫不整/无力/绝望/感/人心/生/恐惧/太/恐/男厌/突然/磕/夫夫/cp/绝世/男人/或许/应/那句话/幸福/女/女/幸福/女/不到/一起/身边/朋友/聊天/恋爱观/婚姻观/差不多/结个/屁婚/愿意/生/孩子/生去/实在/想着/以后/姐妹/手拉手/跳/广场/舞/以后/不刷/微博/真是太/影响/心情/生气/ing,2,5,3.5
80,另一个快角度来看我还得谢谢你让我恐男恐恋的情绪又到达顶点,快/角度/来看/恐/恐恋/情绪/到达/顶点,3,3,3
81,#遭追求者砍杀女硕士家属发声#每天一个阴间新闻，不说了，恐男的不知道第多少天,遭/追求者/砍杀/女硕士/家属/发声/每天/阴间/新闻/不/恐/不/知道/天,3,3,3
82,#妻子流产抑郁加重男子申请撤销婚姻#本来因为学习的事就烦恐男+1,妻子/流产/抑郁/加重/男子/申请/撤销/婚姻/本来/学习/事/烦恐,3,3,3
83,#女子称怀孕7月被男友打致先兆流产#每天一个恐男小技巧,女子/称/怀孕/月/男友/打致/先兆/流产/每天/恐男小/技巧,3,3,3
84,今天的微博热搜是为了让女性更加害怕吗一连串真的给人整恐婚恐男了（非恐正常男性）,今天/微博/热/搜是/女性/更加/害怕/一连串/人整/恐婚/恐男/非恐/正常/男性,3,3,3
85,#25岁小伙胸部B罩杯被分手了#每日恐男每次看见肥头油腻猪就觉得年夜饭会吐出来,25/岁/小伙/胸部/B/罩杯/分手/每日/恐男/每次/看见/肥头/油腻/猪/年夜饭/吐出来,4,4,4
86,XYG电子竞技俱乐部超话家人们我感觉我有点恐男难搞,XYG/电子竞技/俱乐部/超话家/恐男/难搞,1,1,1
87,恐男了…………抖音上看到肥头大脸带金链子的都慎得慌,恐男/抖/音上/看到/肥头/大脸/带金/链子/慎得/慌,4,3,3.5
88,谁能懂我总是在厌男和想谈恋爱#男子结扎#中反复横跳,懂/总是/厌/谈恋爱/男子/结扎/中/反复/横/跳,1,1,1
89,通过和异性朋友的相处，真的让我越来越恐男了,异性/朋友/相处/越来越/恐男,3,2,2.5
90,#将女友推向行驶中公交车男子被刑拘#一天一个恐男新闻这样太恶毒了,女友/推向/行驶/中/公交车/男子/刑拘/恐男/新闻/太/恶毒,3,3,3
91,这几天的新闻看的我多少有点恐男了原来我的朋友们都这么正常这么可爱,新闻/恐男/原来/朋友/正常/可爱,1,1,1
92,朋友：你现在还厌男吗？我：没有没有，我现在男的女的都恨。,朋友/还厌/没有/没有/女/恨,2,2,2
93,#鲍毓明回应性侵养女#真好，我又厌男了，，每过几天都要经历一次厌男，，真的醉了男人还能不能让我相信了,鲍毓明/回应/性侵/养女/真好/厌/每过/经历/一次/厌/醉/男人/不能/相信,3,3,3
94,哈除了对象家人我他妈直接厌男恶心不死了怎么,对象/家人/妈/直接/厌男恶/心不死,4,4,4
95,众所周知雕男都喜欢focus美女有些人嘴这么贱真的没?玩意今天也恐男了,众所周知/雕/喜欢/focus/美女/人嘴/贱/没/玩意/今天/恐,3,4,3.5
96,我对厌男抱有警惕心。然而我从有性别意识到现在为止，就算遇到可怕的事情，被莫名其妙诋毁和恶意中伤，我也不认为他们是群体的问题，这是个人问题，不当归于男人，应该归于人渣。当我在说男的都不是什么好东西的时候，我确实不这么认为，justkidding!身边不乏有温暖的男性，他们用自己的尊重为女性抵挡黑暗和伤害，他们实在不应该被那些标准框进去。人渣就是人渣，不论年龄，更不论性别。,厌/抱有/警惕心/性别/意识/遇到/可怕/事情/莫名其妙/诋毁/恶意中伤/不/认为/群体/问题/这是/个人/问题/不当/归于/男人/应该/归于/人渣/东西/确实/不/认为/justkidding/身边/不乏/温暖/男性/尊重/女性/抵挡/黑暗/伤害/实在/不/应该/标准/框/进去/人渣/人渣/年龄/更/性别,1,1,1
97,#南京女大学生被害案即将一审宣判#太可怕了太可怕了太可怕了越来越恐男了,南京/女/大学生/被害案/即将/一审/宣判/太/可怕/太/可怕/太/可怕/越来越/恐男,3,3,3
98,#被丈夫多次碾压致死女子弟弟发声#恐男再加分,丈夫/多次/碾压/致死/女子/弟弟/发声/恐男/加分,3,3,3
99,我之前分手吧还没有真的恐男这男的真的让我害怕了人怎么能完全没有心我思考了一个半月,之前/分手/没有/恐男/害怕/完全/没有/心/思考/一个半月,3,4,3.5
100,#上外通报一学生被投放异物##上外尹某某已被公安带走#恐男不是没有道理的，结婚率出生率低，离婚率高，也都不是没有道理的，每次这种事都是在教女性要怎么保护自己的，难道不应该教男性要怎么做一个正常人?控制自己的恶心思想恶心行为付诸于实践?上次烧烤店说女生不应该那么晚外面，这次呢，光天化日大白天还不允许人家正常进出学校图书馆了？,学生/投放异物/尹/公安/带走/恐男/没有/道理/结婚/率/出生率/低/离婚率/高/没有/道理/每次/这种/事/教/女性/保护/难道/不/应该/教/男性/做/正常人/控制/恶心/思想/恶心/行为/付诸于/实践/上次/女生/不/应该/晚/外面/光天化日/大白天/不/允许/正常/进出/学校/图书馆,3,3,3
101,能不能别找我啊！爱上老公之后我就开始恐男了。经不起折腾，真的[自抱][自抱],不能/别找我/爱/老公/恐男/经不起/折腾/自抱/自抱,1,1,1
102,#遭追求者砍杀女硕士家属发声#天天一恐男新闻,遭/追求者/砍杀/女硕士/家属/发声/天天/一恐/新闻,3,3,3
103,#晋江月逝水#qswlqswlqswl日常恐男，呕了心疼太太，希望所有姐妹都擦亮双眼，为这种人太不值了这种腐肉就要快刀斩乱麻，赶紧割离赚着稿费一人吃穿不愁不香吗,晋江/月/逝水/qswlqswlqswl/日常/恐男呕/心疼/太太/希望/姐妹/擦亮/双眼/这种/人太/不值/这种/腐肉/快刀斩乱麻/赶紧/割离/赚/稿费/一人/吃/穿/不愁/不香,4,4,4
104,所以我这些年越来越恐婚恐育恐男不是没有原因的我曾经也期待过跟喜欢的人结婚生子过一生，但这些年的所见所闻让我对婚姻和男人都感到害怕。,年/越来越/恐婚/恐育/恐/没有/原因/期待/喜欢/结婚/生子/一生/年/所见所闻/婚姻/男人/感到/害怕,2,5,3.5
105,想了想为什么对男性那么大成见哦原来是因为厌男,男性/大成/见/原来/是因为/厌,2,2,2
106,我为什么恐男♂，为什么恐婚恐育，看看最近的新闻就知道了,恐男/恐婚/恐育/看看/最近/新闻/知道,3,3,3
107,最近和好多一次性男生接触恐男都好了许多[龙卷风],最近/好多/一次性/男生/接触/恐男/龙卷风,1,1,1
108,我恐男越来越严重了不过我不觉得这是病，我也不打算改,我恐/越来越/严重/不/病/不/打算/改,2,2,2
109,#严惩唐山烧烤店打人事件狂徒#真的恐男，与日俱增的恐,严惩/唐山烧烤店/打人/狂徒/恐男/与日俱增/恐,3,3,3
110,感谢室友每天一个恐男小技巧…（小谢在建立三观中…因为三观崩了…）,感谢/室友/每天/恐男小/技巧/小谢/建立/三观/中/三观/崩,3,3,3
111,不是我受不了了披哥总决赛就像一坨男人的颅内高潮。。哭得稀里哗啦就是有种好哥们江湖再见只有跟你们在一起我最快乐，现在我又得回家做起我的好爸爸好丈夫嗯我为了家庭牺牲了一切没办法这就是男人的责任。。我服了你们。。厌男症再次进入危险期。。这节目里几个爹都超爱炫自己顾家，话中话感觉是家栓住了我老婆管我我从男孩变男人。。老天奶啊他们没苦硬吃你能不能下点苦,受不了/披哥/总决赛/坨/男人/颅内/高潮/哭/稀里哗啦/有种/哥们/江湖/再见/一起/快乐/回家/做起/爸爸/丈夫/家庭/牺牲/没/办法/男人/责任/厌男症/再次/进入/危险期/节目/爹/超爱炫/顾家/话/中话/家栓/住/老婆/男孩/变/男人/老天/奶/没苦/硬/吃/不能/下点/苦,5,3,4
112,今天给我们代课的体育老师太帅了我直接上一秒恐男下一秒帅哥和我谈恋爱,今天/代课/体育老师/太帅/直接/恐男下/帅哥/谈恋爱,1,1,1
113,心血来潮喷了个男香，现在感觉身边都是男人，又开始恐男了,心血来潮/喷/男香/身边/男人/恐男,1,1,1
114,#怀孕时看到男友的聊天记录#每天一个恐婚，恐男，恐育小技巧等什么时候渣男全死了再结婚吧。反正公鼠都能分娩了，男人分娩还远吗嗯哈哈！就像禁忌女孩里的渣男怀孕一样，等什么时候男性分娩实现了自个儿生去吧,怀孕/时/看到/男友/聊天记录/每天/恐婚/恐男/恐育/技巧/渣男/全死/结婚/反正/公鼠/分娩/男人/分娩/远/禁忌/女孩/渣男/怀孕/男性/分娩/实现/生去,5,5,5
115,#单亲妈妈卖房给儿子买婚房被拉黑#每天一恐男小新闻我会每天参加恐男行动,单亲/妈妈/卖房/儿子/买/婚房/拉/黑/每天/一恐/男小/新闻/我会/每天/参加/恐男/行动,3,3,3
116,最近身边发生的事情和微博的阴间新闻让我厌男额度已满甚至已经溢出来了！不守男德?儿骨折?,最近/身边/发生/事情/微博/阴间/新闻/厌/额度/已满/溢出/不守/男德儿/骨折,5,5,5
117,恐男啊，如果可以远离某些男的，我一定多积德,恐男/远离/积德,1,2,1.5
118,#前夫晒大S婚内联系具俊晔实锤#到底是哪样啊，我吃瓜看得稀里糊涂的，但是如果真的是大S说的那样，我真的会恐男#大s发声#,前夫/晒/大S/婚内/联系/具俊晔/实锤/到底/吃/瓜/看得/稀里糊涂/大S/会恐/男大/s/发声,1,2,1.5
119,我为什么恐男恐婚恐育？还不是因为有我爸这样的人,恐男/恐婚/恐育/爸,3,3,3
120,真的会恐男，真的真的，想想就脊背发凉。为什么有些男人本来挺正常的，突然间就会发疯啊，真的好怕,会恐/想想/脊背/发凉/男人/本来/挺/正常/突然/间/发疯/好怕,4,4,4
121,#男子出轨后开车撞妻子被女儿拦下#今日恐男心得:只要离男的远一点，就什么事都不会有,男子/出轨/开车/撞/妻子/女儿/拦下/今日/恐男/心得/远/一点/事/不会,3,4,3.5
122,真的恐男了今天去公共厕所外面等乌龟看见一个穿boy的壮汉走来立马钻进厕所出门应该带把刀草率了,恐男/今天/公共厕所/外面/乌龟/看见/穿/boy/壮汉/立马/钻进/厕所/出门/应该/带/刀/草率,5,5,5
123,每次在大学城附近，不管南京还是现在，看到人群就恐男,每次/大学城/附近/南京/看到/人群/恐,1,1,1
124,#女子在酒吧厕所被男子强行拖进隔间#好恶心恐男不是没理由的这能不恐吗,女子/酒吧/厕所/男子/强行/拖进/隔间/恶心/恐男/没理由/这能/不恐,4,3,3.5
125,多少女性是因为身边的男性而变得恐婚，恐男，甚至厌男的,女性/是因为/身边/男性/变得/恐婚/恐男/厌,2,2,2
126,#年轻人恐婚恐育的真正原因是什么#男的恐彩礼，女的恐男,年轻人/恐婚/恐育/真正/原因/恐/彩礼/女/恐,1,2,1.5
127,#警方回应女子被男子拖进厕所隔间#恐男也不是没有原因的,回应/女子/男子/拖进/厕所隔间/恐男/没有/原因,3,3,3
128,#将母女拖拽进屋的雨衣男已被拘留#恐男的一部分原因来自男罪犯，另外一部分来自帮男罪犯开脱的男人,拖拽/进屋/雨衣男/拘留/恐男/一部分/原因/罪犯/一部分/帮/罪犯/开脱/男人,3,3,3
129,每天一个恐男小技巧，网络世界人均高知分子，会敲键盘就是不一样,每天/恐男小/技巧/网络/世界/人均/高知/分子/敲/键盘/不,1,1,1
130,好。。刚刚在跟我妈讲我走班课的男的身上有多臭的时候我妈来了句：你越来越厌男了是吧,刚刚/妈/讲/走班课/身上/多臭/我妈来/句/越来越/厌,3,3,3
131,#严惩唐山烧烤店打人事件狂徒#所以恐婚恐男率越来越高不是没有理由的走在路上后面但凡多个声音都让人恐慌是这个时代该出现的现象吗？,严惩/唐山烧烤店/打人/狂徒/恐婚/恐男率/越来越/高/没有/理由/走/路上/后面/多个/声音/恐慌/时代/出现/现象,5,3,4
132,#结婚前发现未婚夫是亿万富翁#外国独立男性闪光时刻嗷吃干饭见死不救让女朋友卖遗物牛嗷每天一个恐男小技巧~,结婚/前/发现/未婚夫/外国/独立/男性/闪光/时刻/嗷/吃干饭/见死不救/女朋友/卖/遗物/牛嗷/每天/恐男小/技巧,1,3,2
133,每天一些恐男大眼真是个好平台，删博限转，世界就一片祥和，罪恶就不曾存在过了～记得人大文学院王贵元猥亵学生，坏人已受罚。只是失业，他赔偿受害人了吗？他道歉了吗？他的圈子会不会打击报复？但勇于反抗的学生如何了？是自愿删除的吗？还是被威严的美名在外的第三方已权势威胁恐吓了？她找到新导师了吗？她两三年时间如何弥补？谁来补偿她？她可以好好毕业吗？还记得徐州丰县铁链女，她的铁链解开了吗？24年了那个些个自称她丈夫儿女的人，有把她当成一个人了吗？舆论凶凶，一两天而已，漫长前因得到赔偿了吗？后路漫漫，大概也不会记得～,每天/恐男/大眼/真是/平台/删博限转/世界/一片/祥和/罪恶/不曾/存在/记得/人大/文学院/王贵元/猥亵/学生/坏人/受罚/失业/赔偿/受害人/道歉/圈子/不会/打击报复/勇于/反抗/学生/自愿/删除/威严/美名/在外/第三方/权势/威胁/恐吓/找到/新/导师/两三年/时间/弥补/补偿/好好/毕业/记得/徐州/丰县/铁链/女/铁链/解开/24/年/些个/自称/丈夫/儿女/当成/舆论/凶凶/一两天/漫长/前因/得到/赔偿/后路/漫漫/大概/不会/记得,1,2,1.5
134,#温岭公安通报时代广场持刀伤人事件#死刑谢谢，不死刑只会让越来越多的女性恐男恐婚，结婚率只降不升是有原因的,温岭/公安/时代广场/持刀/伤人/死刑/不/死刑/只会/越来越/女性/恐男/恐婚/结婚/率/降/不升/原因,3,3,3
135,真的会恐男，特别是看到这么多事情，受害者还都是女性，小的大的，无语了，毁灭吧。,会恐/特别/看到/事情/受害者/女性/无语/毁灭,5,4,4.5
136,#警方通报一女子在公厕被人殴打#栓q每日恐男,女子/公厕/殴打/栓/q/每日/恐男,3,3,3
137,#遭追求者砍杀女硕士家属发声#每日一个恐男小妙招,遭/追求者/砍杀/女硕士/家属/发声/每日/恐男小妙/招,3,3,3
138,每次刷zh和db都会更恐男＋恐婚。不要小孩是绝对没商量的了，但本来愿意结婚的意愿也有点动摇，反正不结婚也能谈恋爱为什么要结婚呢……,每次/刷/zh/db/更/恐/恐婚/不要/小孩/绝对/没商量/本来/愿意/结婚/意愿/动摇/反正/不/结婚/谈恋爱/结婚,3,4,3.5
139,全世界最恐男的漂亮女孩邓小慈，全世界最娇气最毒舌的笨蛋小妹邓小慈，全世界最招人疼让我爱不释手的美女老婆邓小慈,全世界/最恐/漂亮女孩/邓小慈/全世界/娇气/最毒/舌/笨蛋/小妹/邓小慈/全世界/招人/疼/爱不释手/美女/老婆/邓小慈,1,1,1
140,我：superstraight喜欢好多男的一天换一个但我还是不想恋爱不想和男的有瓜葛每天一个恐男恶心故事,superstraight/喜欢/好多/换/不想/恋爱/不想/瓜葛/每天/恐男/恶心/故事,4,3,3.5
141,#母女被雨衣男拖进屋内发生地不在广宁#恐男,雨衣男/拖进/屋内/发生地/不在/广宁/恐男,2,3,2.5
142,#严惩唐山烧烤店打人事件狂徒#一天了人还没抓到？这是正常的办事效率？不要想着拖延等热度下去，这不是小事，这件事不解决，女性出门得永远带防身武器，甚至会让女性恐男，难平民愤,严惩/唐山烧烤店/打人/狂徒/没/抓到/这是/正常/办事效率/不要/想着/拖延/热度/下去/小事/这件/事/不/解决/女性/出门/带/防身武器/女性/恐男难/平民愤,3,3,3
143,#田甜和家暴男离婚#md真的恐男了这种男的真的太恐怖了,田甜/家暴/离婚/md/恐男/这种/太/恐怖,3,4,3.5
144,读研带给了我什么，带给了我小心翼翼和诚惶诚恐多和男的讲一句话我都怕他多想太难了互联网裸奔+现实中社死第一次真切的恐男半夜气到睡不着开始怀疑人生,读研/带给/带给/小心翼翼/诚惶诚恐/讲/一句/话/怕/太难/互联网/裸奔/现实/中社/死/第一次/真切/恐/半夜/气到/睡不着/怀疑/人生,5,4,4.5
145,#男子出轨后开车撞妻子被女儿拦下#我恐男恐婚是有理由的,男子/出轨/开车/撞/妻子/女儿/拦下/我恐/恐婚/理由,3,3,3
146,#上海金山砍人事件原因#又是恐男的一天呀～,上海/金山/砍/原因/恐,2,3,2.5
147,厌男时刻：看beastars漫画和少革动画的评论区时,厌/时刻/beastars/漫画/少革/动画/评论/区时,2,1,1.5
148,挖槽微博热搜那个视频太恶心了我操恐男了我操,挖槽/微博/热/搜/视频/太/恶心/操恐/操,3,4,3.5
149,每天听顾亦杰讲故事真的能让我的恋爱脑逐渐清醒笑死了一天一个厌男小技巧,每天/听/顾亦杰/讲故事/恋爱脑/逐渐/清醒/笑死/厌男小/技巧,1,3,2
150,#官方通报男子砍杀柯基威胁妻子#每天一个恐婚恐男小技巧,男子/砍杀/柯基/威胁/妻子/每天/恐婚/恐男小/技巧,2,3,2.5
151,应该不会有人骂我厌男又滑男吧、、姐不过把男人当玩物,应该/不会/有人/骂/厌/滑/姐/男人/玩物,1,3,2
152,大早上吓得我双腿发软恐男+10000000000000000000！,双腿/发软/恐男/10000000000000000000,4,3,3.5
153,第一反应就是觉得这种没有师德的人渣怎么会在身边，第二反应就是学校一定会站在对立面息事宁人，还有那些庇佑人渣们的男权社会，就像一座座推不倒的大山，所以在人们的潜意识里，性骚扰永远无法被教育，被惩戒，日常恐男??#社会人渣#,第一/反应/这种/没有/师德/人渣/身边/第二/反应/学校/会站/对立面/息事宁人/庇佑/人渣/男权/一座座/推不倒/大山/潜意识/性骚扰/无法/教育/惩戒/日常/恐男/人渣,3,3,3
154,#郭碧婷还在哺乳期#好恶心每日恐男恐婚恐育1/1心疼美女,郭碧婷/哺乳期/恶心/每日/恐男/恐婚/恐育/11/心疼/美女,3,3,3
155,扯上我们，是不是傻，一看厌男的，眼里只有彼此。,扯/是不是/傻/看厌/眼里,1,1,1
156,#女子称怀孕7月被男友打致先兆流产#流产对身体影响很大的。自己的孩子都保护不了……这男的也是个渣男，推孕妇违法吗？以后要随身带刀，电击棒，不然太危险了，对，还要去学防身术，又是恐男的一天。,女子/称/怀孕/月/男友/打致/先兆/流产/流产/身体/影响/很大/孩子/保护/不了/渣男/推/孕妇/违法/以后/随身带/刀/电击/棒/太/危险/去学/防身术/恐,5,3,4
157,看完一些女孩子的真实经历我现在不仅是恐婚已经开始恐男了,看完/女孩子/真实/经历/恐婚/恐男,1,3,2
158,我是不是真的厌男啊感觉不敢跟男的说话也不想说话更不想有任何身体接触最讨厌男的了,是不是/厌/不敢/说话/不想/说话/更/不想/身体/接触/讨厌,5,5,5
159,#男子因3万元连捅前女友数十刀致死#每天一个恐男小技巧，又学到了,男子/万元/捅/前女友/数十刀/致死/每天/恐男小/技巧/学到,1,3,2
160,这一天天的都整啥阴间新闻？妈的日常恐男了把我二十米大刀拿出来磨一下砍掉他们jj,一天天/整啥/阴间/新闻/妈/日常/恐男/二十米/大刀/磨/砍掉/jj,5,4,4.5
161,我服了，你自己觉得这么穿没问题吗？好厌男，其实我在学校看到男的穿成这样都想吐?,穿/没/问题/厌/学校/看到/穿成/吐,4,4,4
162,现在出轨的男人可真多，真是平平无奇的小恶心精厌男了我,出轨/男人/真多/真是/平平/无奇/恶心/精厌,3,4,3.5
163,#被丈夫多次碾压致死女子弟弟发声#每日恐男kpi已完成,丈夫/多次/碾压/致死/女子/弟弟/发声/每日/恐男/kpi/完成,1,3,2
164,#成都一男子公交站外持刀伤人致死#厌男的一天从凌晨开始,成都/男子/公交站/外/持刀/伤人/致死/厌/凌晨,3,3,3
165,本来有好感的人，却因为越来越黏人感到厌烦……严重到看到他发句话都烦开始厌男,本来/好感/越来越/黏人/感到/厌烦/严重/看到/发句/话/烦/厌,3,3,3
166,厌男的情绪在看完男人为什么嫖娼后达到了高峰，呕,厌/情绪/看完/男人/嫖娼/达到/高峰,4,4,4
167,#雨衣男强行与前妻发生性关系后潜逃#要吐了好恶心，强行发生关系，就是qj，日常恐男,雨衣男/强行/前妻/发生/性关系/潜逃/吐/恶心/强行/发生/关系/qj/日常/恐男,4,4,4
168,看了禁忌女孩真的恐恋恐婚恐育恐男恐女崆峒恐人、、,禁忌/女孩/恐恋/恐婚/恐育/恐/恐女/崆峒/恐人,2,2,2
169,奇怪的是我对不是我推的人都能get到梦点带来的心动感，别人的梦文我甚至能夸两句写得好，对自推的梦点我能理解但是很难设身处地自己去代入，甚至会有点恐惧和不适，难道是近乡情怯？可是如果自推真是女的我又没这种排斥的感觉了，不能说是同人的立场吧感觉跟个人取向或者立场有点关系，可能真的在亲密关系方面有点恐男？生理因素真没办法了,奇怪的是/推/get/梦点/带来/心/动感/梦文/夸/两句/写/推/梦点/理解/很难/设身处地/代入/恐惧/不适/难道/近/乡/情怯/自推/真是/女/没/这种/排斥/不能/同人/立场/个人/取向/立场/关系/亲密关系/方面/恐男/生理/因素/真/没/办法,4,4,4
170,我发现我可能真的厌男了以前我的睡眠小故事编的都是跟男的我发现这几天我怎么编都带入不了编一编就想别的事挺好不能爱男,发现/厌/以前/睡眠/故事/编/发现/编都/带入/不了/编一编/事挺/不能/爱,1,2,1.5
171,#结婚前发现未婚夫是亿万富翁#明明有钱?还要女朋友养你，有病日常恐男。恶心不?,结婚/前/发现/未婚夫/明明/有钱/女朋友/养/病/日常/恐男/恶心/不,2,3,2.5
172,我的routine：每日恐婚（n/1）每日恐育（1/1）每日恐同（n/1）每日恐男（n/1）每日养胃（1/1）每日乳化（1/1）,routine/每日/恐婚/n1/每日/恐育/11/每日/恐同/n1/每日/恐男/n1/每日/养胃/11/每日/乳化/11,2,2,2
173,#上外男生所投系牛磺酸泡腾片#还搞下去我真的要恐男了，我曾经多么喜欢男人啊,男生/投系/牛磺酸泡腾片/搞/下去/恐/喜欢/男人,1,3,2
174,最近鲍人渣的事等等，本来一开始我只是厌男的，现在我是恐男了一生的阴影#鲍毓明回应性侵养女#,最近/鲍/人渣/事/本来/厌/恐/一生/阴影/鲍毓明/回应/性侵/养女,2,4,3
175,#上外男生所投系牛磺酸泡腾片#怎么一个个都这么恶心?，恐男加深,男生/投系/牛磺酸泡腾片/一个个/恶心/恐男/加深,4,3,3.5
176,之前我厌男厌得有点厉害，只对熊（不要肚子）有点好感。但对女孩子完全没有这种考虑，不是不喜欢，是太喜欢了。,之前/我厌/男厌/厉害/熊/不要/肚子/好感/女孩子/完全/没有/这种/考虑/不/喜欢/太/喜欢,1,1,1
177,#长郡中学数学老师段向阳猥亵学生#这种事情每个人都有可能遇到，不要以为有些老师表面看起来很好，只要和异性共处一室的时候都要找多几个人陪伴哪怕是最亲戚之类的，这给学生留下一辈子的阴影，甚至经常做噩梦，厌男，恶心，反胃，消瘦，对某些东西产生一系列pstd……,长郡中学/数学老师/段/向阳/猥亵/学生/这种/事情/每个/遇到/不要/老师/表面/看起来/异性/共处一室/找/多几/个人/陪伴/亲戚/学生/留下/一辈子/阴影/经常/做/噩梦/厌/恶心/反胃/消瘦/东西/产生/一系列/pstd,4,5,4.5
178,#上外男生所投系牛磺酸泡腾片#恶心，每天一个恐男小技巧??,男生/投系/牛磺酸泡腾片/恶心/每天/恐男小/技巧,2,3,2.5
179,真的恐男了！！！喝酒闹事男滚远点啊！！！酒品不好就别喝啊！！！,恐男/喝酒/闹事/男滚/远点/酒品/不好/就别/喝,3,3,3
180,#网传女子被男子拖拽进厕所隔间#就是说再次恐男了家人们,网传/女子/男子/拖拽/进/厕所隔间/再次/恐男/家,2,3,2.5
181,【投稿】想问一下不是独生子的姐妹们，对自己的兄弟姐妹是一种什么感情呢，尤其是姐姐对弟弟的感情。我和我弟弟相差七岁，从小在一起长大的，没有分开过。家庭也很和睦，没有大矛盾。可我对我弟弟没有一点感情，我也不是不喜欢小孩，我上大学的时候因为要离开我一岁多的侄子哭了，他甚至只是一周来一两次我家而已。想家也都是想好吃的，想爸爸妈妈，从来没想过我弟弟，甚至现在越来越讨厌他，还什么都不懂的小男孩，又不爱干净，又没有情商。我完完全全把自己当作他的长辈，所以他说一些稍微“冒犯”的话我就会很生气。包括我俩的性别，我总觉得姐弟是个让人不太舒服的组合（没有冒犯的意思）。爸爸妈妈从来都很注重公平，买吃的都是买两份，我什么也没缺过，我弟的童年甚至还没有我一半幸福。但我感觉得到，越来越长大，越来越偏向他了。特别是在爸妈辛苦一辈子才能挣到一套房子的普通家庭，买两份的公平也只能维持在吃的上了。比如昨天，好几个月没喝奶茶了，出去玩想喝，我和我弟一人买了一杯，我推荐给他我点的奶茶，他没要，点了一杯xx柠檬，到手之后果然他不喜欢喝，在我明确表达我接受不了他拿我的吸管喝之后（他真的很懒，不愿意刷牙），我想分给我妈尝尝，结果我妈到手里就塞给他了。结果就是两杯我只喝了一口。这种事让我更加讨厌他，甚至想过以后只给爸妈买东西，不想给钱，不想让他们花在我弟身上。写的有点太长了，谢谢愿意看我的情绪垃圾，只是最近恐男的新闻看得多了，觉得只有爸妈的感情才是真的感情，所以对他们偏心格外敏感了些。其实该倒苦水的也不该是我，应该是被我冷漠甚至暴躁对待的我弟。他们都没有做错什么，我才应该大度一点看开一点。,问/独生子/姐妹/兄弟姐妹/感情/姐姐/弟弟/感情/弟弟/相差/七岁/从小/一起/长大/没有/分开/家庭/和睦/没有/矛盾/弟弟/没有/一点/感情/不/喜欢/小孩/大学/离开/一岁/侄子/哭/一周/一两次/我家/想家/好吃/爸爸妈妈/从来没/想过/弟弟/越来越/讨厌/不/懂/小男孩/不/爱/干净/没有/情商/完完全全/当作/长辈/稍微/冒犯/生气/包括/我俩/性别/总/姐弟/不/太/舒服/组合/没有/冒犯/意思/爸爸妈妈/从来/注重/公平/买/吃/买/两份/没/缺过/我弟/童年/没有/一半/幸福/感觉得到/越来越/长大/越来越/偏向/特别是在/爸妈/辛苦/一辈子/挣/一套/房子/普通家庭/买/两份/公平/只能/维持/吃/昨天/好几个/月/没/喝/奶茶/出去玩/喝/我弟/一人/买/一杯/推荐/我点/奶茶/没/要点/一杯/xx/柠檬/到手/不/喜欢/喝/明确/表达/接受/不了/吸管/喝/懒/不/愿意/刷牙/分给/我妈/尝尝/我妈/手里/塞/两杯/喝/一口/这种/事/更加/讨厌/想过/以后/爸妈/买/东西/不想/给钱/不想/花/我弟/身上/写/太长/愿意/情绪/垃圾/最近/恐男/新闻/看得/爸妈/感情/感情/偏心/格外/敏感/倒苦水/不该/应该/冷漠/暴躁/我弟/没有/做错/应该/大度/一点/看开一点,2,2,2
182,恐男了…如果以前只是厌，现在是恐有多远躲多远,恐男/以前/厌/恐有/多远/躲/远,2,5,3.5
183,最近上网满屏都是吃人不吐骨头的畜生男结果就是这段时间女生的恐男指数在不断暴涨,最近/上网/满屏/吃人不吐骨头/畜生/段时间/女生/恐/指数/不断/暴涨,2,3,2.5
184,最近在看《她对此感到厌烦》，觉得自己厌男情绪有在加重,最近/对此/感到/厌烦/厌/情绪/加重,1,2,1.5
185,#母女上楼被雨衣男子拖走#最近的新闻真的很奇怪，好像天天在教人恐男恐婚，究竟是怎么了,上楼/雨衣男/子/拖走/最近/新闻/奇怪/天天/教人/恐男/恐婚/究竟,2,1,1.5
186,每次恐男的时候就会想，为什么我不是一个拉子,每次/恐男/拉子,2,3,2.5
187,我觉得我需要看心理医生了真就是各方面恐男恐婚恐恋,需要/心理医生/真/方面/恐男/恐婚/恐恋,4,4,4
188,深夜总喜欢想点不该想的，本人第一次对不谈恋爱不结婚不要孩子的想法产生了动摇。。。。我在想我要是老了，我该怎么办。可是我真的很不会谈恋爱，还厌男，讨厌熊孩子也害怕生孩子。。之前老幻想着自己可以去领养一个孩子但是上网查阅之后发现领养孩子并不是那么容易。,深夜/总/喜欢/想点/不该/第一次/不/谈恋爱/不/结婚/不要/孩子/想法/产生/动摇/老/不会/谈恋爱/还厌/讨厌/熊/孩子/害怕/生/孩子/之前/老/幻想/领养/孩子/上网/查阅/发现/领养/孩子/容易,2,2,2
189,他爹的任何年龄段的男的都有人随地小便厌男了,爹/年龄段/有人/随地/小便/厌,3,2,2.5
190,#唐山打人事件9人全部落网#从昨天看到新闻开始，我最强烈的感受就是深深深深的难过，愤怒排第二。这个社会对女性真的是太不友好了，男的没办法感同身受只会说小题大做、又打拳了、开一些并不好笑的玩笑比如你长这样很安全等。总是说别把事情上升到性别对立，可是性别对换了这样的事情根本不可能发生啊！别说是这些施暴者，就算是媒体对于社会上的热点也总是在玩文字游戏。将男性的罪行中性化，打人说成双方交谈争吵。若不是这几个女孩穿着保守，恐怕又要有很多人说是她们自己不检点了。受害者总是要戴罪的。此外，男性犯了事词条上将性别能隐就隐，女性有了错就一定要写女xx。不想继续写了，每天一个恐男小技巧了。只想说既然落网了，那就请务必严惩吧，别找替罪羊，毕竟保护伞那么结实，15刑拘大逃犯,唐山打人/落网/昨天/看到/新闻/强烈/感受/深深/深深/难过/愤怒/排/第二/女性/太/不/友好/没/办法/感同身受/只会/小题大做/打拳/开/不好/笑/玩笑/你长/安全/总是/说别/事情/上升/性别对立/性别/对换/事情/根本/不/发生/施暴者/媒体/热点/总是/玩/文字游戏/男性/罪行/中性化/打人/说成/双方/交谈/争吵/女孩/穿着/保守/恐怕/很多/不/检点/受害者/总是/戴罪/男性/犯/了事/词条/上将/性别/能隐/隐/女性/错/写/女/xx/不想/继续/写/每天/恐男小/技巧/落网/请/务必/严惩/找/替罪羊/毕竟/保护伞/结实/15/刑拘/逃犯,3,3,3
191,#烧烤店主回应多名男子骚扰殴打女生#真就恐男了，这群男的怎么还有老婆的啊！真没被家暴过吗,回应/男子/骚扰/殴打/女生/真/恐/这群/老婆/真/没/家暴,3,3,3
192,考虑得越多，越恐男恐恋恐婚，怕是要一辈子单着,考虑/越多越/恐男/恐恋/恐婚/怕/一辈子/单着,5,5,5
193,#作为女性所遭受的语言暴力#我真的恐男啊我感觉很多熟悉的同辈男生只要不牵涉男女恋爱关系都是通情达理体体面面的正常人一到男女关系上就不知道是个什么物种了真的恐,女性/遭受/语言/暴力/恐男/很多/熟悉/同辈/男生/不/牵涉/男女/恋爱/关系/通情达理/体体面面/正常人/一到/男女关系/不/知道/物种/恐,3,4,3.5
194,老男人能不能离我远点我真的会恐男????????,老/男人/不能/远点/会恐,3,3,3
195,又看到了疯批伤害女孩的视频，厌男情绪再创新高，希望疯批男人死的干干净净,看到/疯批/伤害/女孩/视频/厌/情绪/再创新高/希望/疯批/男人/死/干干净净,5,3,4
196,社会新闻看多了越来越厌男特指猥琐/犯罪/各种意义上的脑子有病我都不知道怎么形容那种感觉就好像一坨坨狗屎一样在社会上横行霸道惹得这个大环境恶臭稀烂得流出污水令人反胃有些新闻里的当事人的操作真是太令人匪夷所思了就很蠢很烂很恶很俗你都没办法用正常人的思维和逻辑去剖析不禁思考他大爷的这是什么生物一天天的被刷新三观人和人之间的差别真够大的恶和善都是两极化可能任何事都如此吧是什么原因呢小到家庭教育？大到整个教育环境和社会环境？还是自古就固有的某些糟粕？有些男性活得那么坦率正直清澈明朗干干净净的相反也有像畜生一样的存在即污点,新闻/看多/越来越/厌/特指/猥琐/犯罪/意义/脑子/有病/不/知道/形容/一坨/坨/狗屎/横行霸道/惹/环境/恶臭/稀烂/流出/污水/令人/反胃/新闻/当事人/操作/真是太/令人/匪夷所思/蠢/很烂/很恶/很俗/没/办法/正常人/思维/逻辑/剖析/不禁/思考/大爷/生物/一天天/刷新/三观/之间/差别/真够/恶/和善/两极化/事/原因/小到/家庭教育/大到/整个/教育/环境/环境/自古/固有/糟粕/男性/活得/坦率/正直/清澈/明朗/干干净净/相反/畜生/存在/污点,2,3,2.5
197,我金主说他一直没说自己是男的是因为我天天骂男的厌男，怕我知道后不接他稿了,金主/一直/没说/是因为/天天/骂/厌/男怕/知道/不接/稿,1,2,1.5
198,我是真恐婚恐育恐男人，但是也不能说自己没有期待过有一天遇到喜欢的男生，我是觉得自己的喜欢不重要的，毕竟我也不懂喜欢一个人是什么感觉，我觉得我喜不喜欢他不重要，但是他必须是要喜欢我，对我好。但是我在期待这些的同时我又在害怕和男的相处，不知道要怎样交流。每次抖音上刷到那些关于生孩子结婚的视频，然后夫妻两人之间的相处之类的恐惧就会多增一分,真/恐婚/恐育/恐/男人/不能/没有/期待/过有/遇到/喜欢/男生/喜欢/不/重要/毕竟/不/懂/喜欢/喜不喜欢/不/重要/必须/喜欢/期待/害怕/相处/不/知道/交流/每次/抖音/刷/生/孩子/结婚/视频/夫妻/两人/之间/相处/恐惧/就会/多增/一分,1,1,1
199,我觉得女生多多少少都会有点恐男吧，特别是一堆男人向你走过来的时候，所以我就是有点恐男怎么了！？#恐男#,女生/多多少少/恐男/特别/男人/走/过来/恐男/恐,1,1,1
200,#目击者回应女子被男子拖进厕所#从唐山事件到前段时间#母女上楼被雨衣男子拖走#，现在又出现女子被“当众”拖进厕所的事件，接二连三的极端事件，让不少网友直呼又开始“恐男”了。幸亏女孩拼着劲儿跑出来求救，最后成功逃脱了。各位女孩们，不管在家还是在外，都一定要注意安全~#兔酱追热点#,目击者/回应/女子/男子/拖进/厕所/前段时间/上楼/雨衣男/子/拖走/出现/女子/当众/拖进/厕所/接二连三/极端/不少/网友/直呼/恐男/幸亏/女孩/拼/着劲儿/跑/求救/最后/成功/逃脱/女孩/在家/在外/注意安全/兔酱/追/热点,3,3,3
201,#晋江月逝水#我直接恐恋爱恐婚恐男谁来给我洗洗脑算了一直单着吧也挺好的,晋江/月/逝水/直接/恐/恋爱/恐婚/恐男/洗洗/脑/算了/一直/单着/挺,2,4,3
202,我不知道我怎么才能爱他们了当我被所有流媒体的厌男情绪给淹没之后感觉一切都不值了,不/知道/爱/流媒体/厌/情绪/淹没/不值,1,3,2
203,#Ella自曝出道后被性骚扰#恶心恶心恶心恶心又是恐男恐婚恐孕的一天,Ella/曝/出道/性骚扰/恶心/恶心/恶心/恶心/恐/恐婚/恐孕,4,4,4
204,感觉自己快得“厌男症”了一段越来越不美好的感情，可能会让人内心封闭吧,快得厌/男症/一段/越来越/不/美好/感情/内心/封闭,1,3,2
205,肯定有境外势力煽动，不然怎么每天一个恐婚恐育恐男小新闻,肯定/境外/势力/煽动/每天/恐婚/恐育/恐/新闻,1,1,1
206,#华东理工大学回应男生向12岁女孩要裸照#6每天一则恐婚恐育恐男小新闻,华东理工大学/回应/男生/12/岁/女孩/裸照/每天/恐婚/恐育/恐/新闻,2,2,2
207,每过几个月就会被新认识的人问一句：你是不是厌男？,每过/月/新/认识/问/一句/是不是/厌,1,2,1.5
208,我不会越来越恐男吧感觉朋友失恋了会加深我对谈恋爱的恐惧尤其是在我眼里平时都特别清醒的朋友失恋了结果走不出来更害怕了,不会/越来越/恐男/朋友/失恋/加深/谈恋爱/恐惧/眼里/平时/特别/清醒/朋友/失恋/走/不/更/害怕,2,1,1.5
209,#结婚前发现未婚夫是亿万富翁#一天一个恐男小技巧,结婚/前/发现/未婚夫/恐男小/技巧,1,3,2
210,每活一天，厌男程度都在加重。明明知道人和人不一样，但无差别扫射这个群体是绝对没有问题的，为什么为什么我要在这么恶心的世界生存。因为这些垃圾而滋生的暴力倾向反而使我更厌恶自己，心里又反复告诉自己不值得，可明明是不值得的垃圾却在反复的鼓动自身的负面情绪，对包括自己在内的所有人都厌恶至极，就算只是一时才会萌生的想法，也是我真实的情绪。人性真是卑劣啊！想成为最美好的自己真的不可能吧！我真实地希望有些人早下地狱。#只是在骂人而已##这年头骂人都要拐弯抹角#,每活/厌/程度/加重/明明/知道/不/无差别/扫射/群体/绝对/没有/问题/我要/恶心/世界/生存/垃圾/滋生/暴力/倾向/更/厌恶/心里/反复/告诉/不/值得/明明/不/值得/垃圾/反复/鼓动/负面/情绪/包括/在内/所有人/厌恶/至极/一时/萌生/想法/真实/情绪/人性/真是/卑劣/成为/美好/不/真实/希望/早下/地狱/骂人/这年头/骂人/拐弯抹角,4,2,3
211,我恐男所有男性离我远点真的很烦！！！没有情绪价值的人,我恐/男性/远点/很烦/没有/情绪/价值,2,4,3
212,看了jm事件真的恶心的睡不着每日一个厌男小技巧,jm/恶心/睡不着/每日/厌男小/技巧,4,3,3.5
213,我的首页现在每天都是男子杀妻、男子杀女友、男子不想给彩礼钱杀害怀孕8月的女友等让人不寒而栗的新闻。关注社会新闻，每天一个恐男小技巧。,首页/每天/男子/杀妻/男子/杀/女友/男子/不想/彩礼/钱/杀害/怀孕/月/女友/不寒而栗/新闻/关注/新闻/每天/恐男小/技巧,2,3,2.5
214,小幺最近好黏我但又莫名其妙不给她哥碰伸手就哈人幺子是不是像我一样呀厌男,幺/最近/黏/莫名其妙/不/哥/碰/伸手/哈人幺子/是不是/厌,1,1,1
215,2019-05-06我现在极端厌恶擦亮双眼看清男人这种鬼话，男人这东西，谁他妈都看不透，我妈看透我弟弟了吗?她生的，她都看不透，她直到最后不明白我弟弟为什么那么恨她。亲生的，你都看不透，你他妈还看透后天认识的男人呢。我现在进入厌男佛系，我告诉你们实话吧，我都理解不了以前的我怎么跟那么多男人谈恋爱，我竟然还结两次婚，简直不要命啊，冒着生命危险，图什么呢?图个jb有屁用。我现在认为，随着科学技术医学进步，女性生育哈，就精子库购买，直接淘汰完事儿，科技比肉搏可先进多了。唉，我年轻时虽然也有试管婴儿，但精子库概念还没那么普及，咔咔生了俩孩子，用现代眼光一看，其实也挺后怕的。我觉得未来社会关于生育的观念，肯定将有个质的变化，那就是，女性去精子库挑选，社会为女性提供保障，家庭为女儿提供后盾，至于男性么，认清自己只是被选择的一方，有女人选择你为她的后代提供亲缘关系，你得感激涕零，为儿童提供高质陪伴竞争上岗，至于这个女人的后代，是不是你的后代，问都不要问，压根儿不是你操心的问题。这种观念上的转变，我已经在德国看到苗头了，到我女儿这一代，争取能实现吧。,20190506/极端/厌恶/擦亮/双眼/看清/男人/这种/鬼话/男人/东西/谁他妈/看不透/我妈/看透/弟弟/生/看不透/最后/不/明白/弟弟/恨/亲生/看不透/妈/看透/后天/认识/男人/进入/厌/男佛系/告诉/实话/理解/不了/以前/男人/谈恋爱/竟然/还结/两次/婚/简直/不要命/生命危险/图/图个/jb/屁用/认为/科学技术/医学/进步/女性/生育/精子库/购买/直接/淘汰/完/事儿/科技/肉搏/先进/年轻/时/试管婴儿/精子库/概念/没/普及/咔/咔生/俩/孩子/现代/眼光/一看/挺/后怕/未来/生育/观念/肯定/个质/变化/女性/精子库/挑选/女性/提供/保障/家庭/女儿/提供/后盾/男性/认清/选择/一方/女人/选择/后代/提供/亲缘/关系/感激涕零/儿童/提供/高质/陪伴/竞争上岗/女人/后代/是不是/后代/问/不要/问/压根儿/操心/问题/这种/观念/转变/德国/看到/苗头/女儿/一代/争取/实现,2,2,2
216,#嘟嘟酱童年被继父差点性侵#真的，再这样下去我恐男了,嘟嘟/酱/童年/继父/差点/性侵/下去/我恐,1,2,1.5
217,男的恶心恶心恶心恶心恶心恶心恶心恶心恶心恶心我要恐男了,恶心/恶心/恶心/恶心/恶心/恶心/恶心/恶心/恶心/恶心/我要/恐,4,4,4
218,#晋江月逝水#吐了，日常恐男，多给我爸妈亲戚看看，免得以后催我谈恋爱催我结婚,晋江/月/逝水/吐/日常/恐男多/爸妈/亲戚/看看/免得/以后/催/谈恋爱/催/结婚,3,4,3.5
219,问的太彻底不好，太八卦了不好，让人恐惧厌烦，是的快得恐男症,问/太/彻底/不好/太/八卦/不好/恐惧/厌烦/快/恐/男症,1,2,1.5
220,#女子称怀孕7月被男友打致先兆流产#每日恐男1/1,女子/称/怀孕/月/男友/打致/先兆/流产/每日/恐男/11,2,3,2.5
221,谁懂啊…越来越讨厌生活中遇到的男的我感觉我真的厌男了,懂/越来越/讨厌/生活/中/遇到/厌,2,3,2.5
222,强行整肃好玩吗我真的狠狠厌男了要是他是个男的早从我世界消失了男的有什么好无语,强行/整肃/好玩/狠狠/厌/早/世界/消失/无语,3,4,3.5
223,#男子为找到女友报假警抓对方#今日恐男get,男子/找到/女友/报假警/抓/今日/恐男/get,1,3,2
224,?决定今天开始不看热搜了，阴间新闻太多快恐男恐婚了,决定/今天/不看/热/搜/阴间/新闻/太多快/恐/恐婚,1,2,1.5
225,真情实感的恐男了九年义务教育怎么能教出这种玩意来，可能没读过书吧真的无语,真情实感/恐/九年/义务教育/教出/这种/玩意/没读/书吧/无语,2,2,2
226,#杀妻欲藏尸冰柜男子被判死刑#恐婚，恐孕，恐男,杀妻/欲/藏/尸/冰柜/男子/被判/死刑/恐婚/恐孕恐,2,4,3
227,#13岁女孩遭69岁男子性侵怀孕#才9年吗？？？每次看到这种心里第一反应越来越恐男（我知道有些男生还行但是有些就...）,13/岁/女孩/遭/69/岁/男子/性侵/怀孕/年/每次/看到/这种/心里/第一/反应/越来越/恐男/知道/男生/还行,2,2,2
228,如果我真的是那种厌男的纯异性恋那太恐怖了我这辈子谈不了恋爱了啊？,厌/纯/异性恋/那太/恐怖/这辈子/谈/不了/恋爱,1,2,1.5
229,#社恐行为图鉴#我是恐男～（没有说男生不好的意思，是我自己的原因）,社恐/行为/图鉴/恐/没有/男生/不好/意思/原因,2,1,1.5
230,越吃瓜越恶心?????????搞得越来越厌男了,越/吃/瓜越/恶心/搞/越来越/厌,2,2,2
231,婚姻和工作让我厌男，社会新闻让我恐男，人生路漫漫，气不活了,婚姻/工作/厌/新闻/恐/男人/生路/漫漫/气不活,2,2,2
232,我他吗真是越来越恐男了我真是越来越讨厌这个社会对女孩子的偏见“为什么别人就强暴你猥亵你就不猥亵别人是不是因为你穿的太暴露了”“为什么人家偏偏就选中了你是不是你太骚了”“为什么你会这么轻易地就上别人当，真是没脑子没判断力”？我以后结婚了真的千万别生女孩了，我怕我让她在爱里面长大以为世界就是这么美好我怕她遇到什么事后不敢大声讲出来我怕她已经受到一些很不好的事情后还要被人骂是太傻白甜了太相信别人了我又怕我没给她足够的爱足够的保护让她以为妈妈不爱她我又怕让她过早接触世界过早见到到世界的肮脏。生而为女我很抱歉,真是/越来越/恐男/真是/越来越/讨厌/女孩子/偏见/强暴/猥亵/不/猥亵/是不是/穿/太/暴露/偏偏/选中/是不是/太骚/轻易/当真/没脑子/没/判断力/以后/结婚/千万别/生/女孩/怕/爱/里面/长大/世界/美好/我怕/遇到/事后/不敢/大声/讲/我怕/不好/事情/骂/太/傻/白甜/太/相信/怕/没/足够/爱/足够/保护/妈妈/不爱/怕/过早/接触/世界/过早/见到/世界/肮脏/生而为/女/抱歉,2,2,2
233,#河南遇害女孩父母亲发声#每天一个恐男小故事,河南/遇害/女孩/父母亲/发声/每天/恐男小/故事,2,3,2.5
234,每日恐男超话每日恐男打卡，救命?我朋友被男人渣了，现在还在和我哭诉，男的都是人渣,每日/恐男/每日/恐男/打卡/救命/朋友/男人/渣/哭诉/人渣,1,1,1
235,努力克服自己厌男的心理听到声音都会想吐?还有上完厕所不洗手的男的能不能滚远点啊尼玛的还到处碰一碰,努力/克服/厌/心理/听到/声音/吐/完/厕所/不/洗手/不能/远点/尼玛/到处/碰一/碰,4,4,4
236,从这个梦都能看出来我有多恐男了，犯罪者都是男性，把我带走的是女警察...,梦/恐/犯罪者/男性/带走/女警察,2,4,3
237,#张语格被工作人员强行握手#又是恐男的一天,张语格/工作人员/强行/握手/恐,2,3,2.5
238,#男子因吵架拿啤酒瓶刺死女友#每天都在恐男,男子/吵架/啤酒瓶/刺死/女友/每天/恐,2,3,2.5
239,#90后00后为什么越来越拒绝生孩子#恐男??别管爱生男的自己去生,90/00/越来越/拒绝/生/孩子/恐男/爱生/去生,2,3,2.5
240,#将母女拖拽进屋的雨衣男已被拘留#谢谢了，不止恐婚了，恐男了已经,拖拽/进屋/雨衣男/拘留/不止/恐婚/恐,2,3,2.5
241,不止一个朋友说搞不清楚我的性取向感觉我跟女生在一起的可能性比男生大是我表现的太厌男还是太喜欢看美女了啊,不止/朋友/搞不清楚/性取向/女生/一起/可能性/男生/大是/表现/太厌/太/喜欢/美女,2,3,2.5
242,看完《告白夫妇》这部剧更恐男恐恋恐婚恐育了……,看完/告白/夫妇/剧/更/恐/恐恋/恐婚/恐育,2,4,3
243,因为恐男所以要找一个男的保护我是不是有病啊,恐男/找/保护/是不是/有病,1,1,1
244,每天一个厌男小技巧不够了是吧热搜直接挂两个,每天/厌男小/技巧/不够/热/搜/直接/挂,2,1,1.5
245,#单身人设#不是说不能谈恋爱，而是你明明谈了恋爱或是结了婚甚至还有孩子，还营销自己单身，单纯，恐男，恐女………就特么恶心-_-||,单身/人设/不能/谈恋爱/明明/谈/恋爱/结了婚/孩子/营销/单身/单纯/恐男恐/女/特/恶心,4,3,3.5
246,每天一个恐男小技巧，没想到男生也能这么小家子气,每天/恐男小/技巧/没想到/男生/小家子气,2,3,2.5
247,#送别杭州2名牺牲消防员#恐男的那批混蛋呢，搞性别对立的那批混蛋呢，怎么不说话了，还知道要脸啊,送别/杭州/名/牺牲/消防员/恐男/那批/混蛋/搞/性别对立/那批/混蛋/不/说话/知道/要脸,1,1,1
248,太可怕了我感觉自己恐男已经变成生理上的了?,太/可怕/恐男/变成/生理,4,4,4
249,#上外男生所投系牛磺酸泡腾片#哈哈哈哈哈哈…可真是精彩前脚女孩一群人坐烧烤店吃饭被性骚扰被打后脚就是高素质大学生在图书馆给不认识女学生下药我感觉自己都要瞎了是人是狗都让人看不清现在已经不仅仅是恐婚了…开始恐男了（你觉得你是一个好男人那你就是别和我杠我害怕）,男生/投系/牛磺酸泡腾片/真是/精彩/前脚/女孩/一群/坐/吃饭/性骚扰/后脚/高素质/大学生/图书馆/不/认识/女/学生/下药/瞎/狗/看不清/不仅仅/恐婚/恐男/男人/杠/害怕,3,3,3
250,weibo：每天一个厌男小技巧每天x个???大塌方,weibo/每天/厌男小/技巧/每天/x/塌方,1,2,1.5
251,90和00后女生恐婚恐育恐男怎么来的被逼的??,90/00/女生/恐婚/恐育/恐/逼,1,1,1
252,都说不太喜欢男的了还要怎样，今日恐男（1/1）,不/太/喜欢/今日/恐男/11,2,2,2
253,#严惩唐山烧烤店打人事件狂徒#恐男了真恶心,严惩/唐山烧烤店/打人/狂徒/恐男/真/恶心,2,3,2.5
254,每次看到我爷爷奶奶吵架我又恐婚恐男感上升了哈哈。毁灭吧,每次/看到/爷爷奶奶/吵架/恐婚/恐男感/上升/毁灭,2,4,3
255,#结婚前发现未婚夫是亿万富翁#谢谢已经yue了每天一个恐男小故事?,结婚/前/发现/未婚夫/每天/恐男小/故事,1,3,2
256,#温岭时代广场#原来女的还和古代一样做什么都是错嗯做核酸也是错被杀了都是错现代社会了为什么这么多somebody对受害者指指点点你配么给你好意思的还有警方我300度近视我都看得出来不是捅伤这事件干脆叫《温岭受害者有罪论》呗真的666现在不爱结婚的女生肯定有恐男恐婚的就是这么一堆社会败类带来的影响真的能不能制裁一下就一下,温岭/时代广场/原来/女/古代/做/错/做/错/杀/错/现代/somebody/受害者/指指点点/你配/好意思/300/度/近视/看得出来/捅/伤/干脆/温岭/受害者/有罪/666/不爱/结婚/女生/肯定/有恐/恐婚/败类/带来/影响/不能/制裁,3,3,3
257,看完大连，南京，以及蹲下拍女星的代拍普男……我真是……一天一个恐男小技巧,看完/大连/南京/蹲下/拍/女星/代拍/普男/真是/恐男小/技巧,3,3,3
258,为什么这个世界上会有这么恶心的人今天就不该出门厌男又又又加重了,世界/上会/恶心/今天/不该/出门/厌/加重,4,4,4
259,#遭男伴下药女子回应检方存疑不捕#太好了以后法律也不会保护女性的以后就是出门是个人你就得防着出了事就只能是活该倒霉了呗。保护畜生也不保护女性呗。每天一个厌男小技巧,遭/男伴/下药/女子/回应/检方/存疑/不捕/太好了/以后/法律/不会/保护/女性/以后/出门/个人/防着/出/了事/只能/活该/倒霉/保护/畜生/不/保护/女性/每天/厌男小/技巧,5,4,4.5
260,#青你2杜紫怡曝tangoz性骚扰#她不是有女朋友吗……………每日一恐男,青/杜紫怡/曝/tangoz/性骚扰/女朋友/每日/一恐,1,3,2
261,破车才需要备胎，我是不屑要啥备胎的，自己不喜欢的人喜欢自己只是累赘暂时没兴趣聊，感觉恐恋晚期了，还有厌男，情啊爱的想想就烦,破车/需要/备胎/不屑/备胎/不/喜欢/喜欢/累赘/暂时/没/兴趣/聊/恐恋/晚期/厌男情/爱/想想/烦,2,1,1.5
262,#电梯内男子两次猥亵13岁女孩被刑拘#艹，所以我选择性厌男,电梯/男子/两次/猥亵/13/岁/女孩/刑拘/艹/选择性/厌,1,3,2
263,越接触男的越觉得恶心厌男这辈子都不会好的了,越/接触/越/恶心/厌/这辈子/不会,2,4,3
264,他们一家人来的时候每次都是我厌男情绪最高最想殺人的时候,一家人/每次/厌/情绪/最高/最想/杀人,5,3,4
265,#男子在女友孕期出轨还想要回16万彩礼#恐男恐婚恐育,男子/女友/孕期/出轨/想要/回/16/万/彩礼/恐男/恐婚/恐育,3,3,3
266,大晚上给人气的睡不着觉，身边的同事竟然说西安地铁事件双方应该各打五十大板，保安和女生双方都有责任，保安的行为就是有点暴力，也是为了维护公共秩序。请问保安有执法权嘛？难道保安这么做，就代表这个女生有错了？的确现场事情究竟是怎么回事，我们也只能通过几个视频略知一二，究竟这个女生和大爷发生口角是否有错，我们不能下结论。最近的阴间新闻太多了，厌男情绪已经爆表，事情已经发生了，难道不应该引以为戒，而是让我们别看别关注嘛？,人气/睡不着/觉/身边/同事/竟然/西安地铁/双方/应该/各打/五十/大板/保安/女生/双方/责任/保安/行为/暴力/维护/公共秩序/请问/保安/执法权/难道/保安/做/代表/女生/有错/现场/事情/究竟/怎么回事/只能/视频/略知一二/究竟/女生/大爷/发生/口角/是否/有错/不能/下结论/最近/阴间/新闻/太多/厌/情绪/爆表/事情/发生/难道/不/应该/引以为戒/看别/关注,2,2,2
267,但最拙劣的媚粉就是直接说我爱你和有没有人想和我结婚，一下激起我们非顺直那种恐婚恐男的心你们媚了个什么东西,拙劣/媚粉/直接/我爱你/有没有/人想/结婚/激起/非/恐婚/恐男/心/媚/东西,1,2,1.5
268,#香港警方公布蔡天凤碎尸案细节#这这这恐男的第N天现在的人怎么都这样啊报复心理这么强,香港/公布/蔡天凤/碎尸案/细节/这恐/N/天/报复/心理/强,2,3,2.5
269,本来对男的就没啥好印象，今天在公车上发生的事情，让我更加恐男，尊重女性在在男的眼里到底是什么？女孩子出门在外一定要保护好自己。,本来/没/印象/今天/公车上/发生/事情/更加/恐男/尊重/女性/眼里/到底/女孩子/出门在外/保护,2,3,2.5
270,#警方回应男子猥亵女孩并打伤其母亲#这种事情看多了有没有反向让人看的爽的新闻啊，真的是每日一个厌男小妙闻,回应/男子/猥亵/女孩/打伤/母亲/这种/事情/看多/有没有/反向/爽/新闻/每日/厌/男小妙闻,1,3,2
271,每日两个疑问为什么世界上有那么多渣男渣男们的套路为啥都一样每天一个恐男小故事,每日/疑问/世界/渣男/渣男/套路/为啥/每天/恐男小/故事,3,2,2.5
272,经过和我妈一晚的谈话，我现在不敢厌男了，由厌男改为恐男,妈/一晚/谈话/不敢/厌/厌/改为/恐男,2,2,2
273,如果不是男性真的会对我有吸引力的话，我怎么会承认我会喜欢呢些没脑子愚蠢令人发指并且令人作呕的男人呢。我是厌男恐男，可我却没有办法真的违背我的心里，然后，去欺骗自己。窒息并且不适。我永远都不能站在一边，然后非常坚定自己的立场并且抨击和自己立场不一样的人们。因为我的立场本来就是中立的，性取向方面也是。,男性/吸引力/承认/我会/喜欢/没脑子/愚蠢/令人发指/令人作呕/男人/厌/男恐/没有/办法/违背/心里/欺骗/窒息/不适/不能/站/一边/非常/坚定/立场/抨击/立场/不/立场/本来/中立/性取向/方面,1,1,1
274,姐是那种，风尘气重看起来勾男人实则对恐男，边界感超强的打工女王，为了谋生会去酒吧跳脱衣钢管舞，跳完舞外套一裹又在凌晨两点半的霓虹灯下奔赴下个酒吧赶场子,姐是/风尘/气重/看起来/勾/男人/实则/对恐/边界/感/超强/打工/女王/谋生/酒吧/跳/脱衣/钢管舞/跳/完舞/外套/一裹/凌晨/两点/半/霓虹灯/奔赴/下个/酒吧/赶场子,1,1,1
275,#男子在女友孕期出轨还想要回16万彩礼#好下头啊。恐男一星期了。,男子/女友/孕期/出轨/想要/回/16/万/彩礼/下头/恐,1,2,1.5
276,#目击者回应女子被男子拖进厕所#额已经完全恐男了,目击者/回应/女子/男子/拖进/厕所/额/完全/恐男,2,3,2.5
277,我父母也是我的雷区，我为什么会变成这样，我为什么脾气这么暴躁，因为我离不开，因为我没本事没钱我离开他们独立不了因为是那个狗杂种把我害成了这样，我现在厌男也是因为他，还有我爸，跟我父母多相处一天我就会发疯一天一想到从前那些事我就无法控制自己可是我父母还要逼着我接受他们未经他人苦莫劝他人善我没有经历去照顾别人，群里有个女的天天烦我真恶心我天天内耗自己折磨自己，如果没有一个人真心爱我，那对彼此来说都是一种折磨，我会折磨你然后折磨我自己，我需要的是有个男人真心对我好为我付出为我着想，结果却得到了更大的失望你不仅仅是背刺我，还恶心我侮辱了你自己，你让我经历了一场谎言造就的美梦，等真相浮现时，只会让人更加恶心说你侮辱了我们之间的感情都晦气因为我跟你没有感情，从一开始你让你粉丝侮辱我就知道我在你心里屁都不是想想也能知道你会为了自己那点热度出卖任何人是你把我骗进来是你没有给我任何实质性的未来，我是你什么人？我凭什么要理解你？我是你女朋友吗？陪伴，沟通，相处什么都没有我凭什么要理解你相信你？我们之间什么都没有所以我只能认定你就是个捞男但是我认定的基本90%都是真的，所以我还是相信我的直觉的,父母/雷区/变成/脾气/暴躁/离不开/没本事/没钱/离开/独立/不了/狗/杂种/害成/厌/是因为/我爸/父母/相处/发疯/想到/从前/事/无法控制/父母/逼/接受/未经/苦莫劝/善/没有/经历/照顾/群里/女/天天/烦/真/恶心/天天/内耗/折磨/没有/真心/爱/折磨/我会/折磨/折磨/需要/男人/真心/付出/着想/得到/更/失望/不仅仅/背/刺/恶心/侮辱/经历/一场/谎言/造就/美梦/真相/浮现/时/只会/更加/恶心/侮辱/之间/感情/晦气/没有/感情/粉丝/侮辱/知道/心里/屁/想想/知道/那点/热度/出卖/任何人/骗/进来/没有/实质性/未来/理解/女朋友/陪伴/沟通/相处/没有/理解/相信/之间/没有/只能/认定/捞/认定/基本/90/相信/直觉,5,3,4
278,方协文怎么这么恶心我本来就厌男。现在更恶心了想吐?,方协文/恶心/本来/厌/更/恶心/吐,4,3,3.5
279,吃了三个小时的饭了把渣男底都翻透了真的渣恐男了,吃/三个/小时/饭/渣男/底/翻透/渣恐,1,3,2
280,#上外通报一学生被投放异物#我真服了现在还一边恐男一边喜欢男的我愿称活菩萨,学生/投放异物/真服了/一边/恐男/一边/喜欢/愿称/活菩萨,1,3,2
281,#女子称怀孕7月被男友打致先兆流产#每天一个恐婚恐育恐男小技巧,女子/称/怀孕/月/男友/打致/先兆/流产/每天/恐婚/恐育/恐/技巧,3,3,3
282,每天一上地铁就开始厌男，想把全世界男的都鲨了,每天/一上/地铁/厌男想/全世界/鲨,5,4,4.5
283,恐男恐恋恐婚恐育真的想一辈子单身??????,恐男/恐恋/恐婚/恐育/一辈子/单身,2,5,3.5
284,#被家暴16次需终身挂粪袋案当事人发声#每天一个恐男技巧真的，这种故意伤害性质的“家暴”如果是家常便饭谁踏马还愿意结婚，以命换婚姻吗,家暴/16/次/需/终身/挂/粪袋案/当事人/发声/每天/恐男/技巧/这种/故意伤害/性质/家暴/家常便饭/踏马/愿意/结婚/以命/换/婚姻,3,3,3
285,#严惩唐山烧烤店打人事件狂徒#看哭了，太恐怖了，恐男了，真的恐男了，以后看到这些体型的男的都要走远些。打人的全是大体型男，不管是什么样的女生上去劝架都能轻轻松松就打到地上，打到很远，能被轻轻松松拖走。女生该如何自保，先买个防身的。,严惩/唐山烧烤店/打人/狂徒/哭/太/恐怖/恐/恐男/以后/看到/体型/走/远些/打人/全是/体型/女生/上去/劝架/轻轻松松/打到/地上/打到/很远/轻轻松松/拖走/女生/自保/先买/防身,3,3,3
286,#上外通报一学生被投放异物#每日恐男一小技巧?。。。在图书馆都如此嚣张,学生/投放异物/每日/恐男/一小/技巧/图书馆/嚣张,1,3,2
287,#LoveisLove#好的，今天是我的恐男同日,LoveisLove/今天/恐/同日,1,2,1.5
288,#出轨不能作为离婚理由#谢谢，我现在恐男恐恋爱恐结婚恐生孩子活出自己,出轨/不能/离婚/理由/恐男恐/恋爱/恐/结婚/恐生/孩子/活出,3,5,4
289,中午在公司食堂吃饭，二十多个人，除了我以外只有一个女生，恐男了?,中午/公司/食堂/吃饭/二十多个/以外/女/生恐,2,2,2
290,夏天一到我所有恐男恐婚恐恋的情绪都不如恐蚊来得强烈,夏天/一到/恐男/恐婚/恐恋/情绪/恐蚊/来得/强烈,1,2,1.5
291,我真的恐男男的太猥琐了太猥琐了每天都能遇到不同的猥琐男也不撒泡尿看看自己什么情况我看起来这么好拿捏吗我真是服了,恐男/太/猥琐/太/猥琐/每天/遇到/不同/猥琐男/不/撒/泡/尿/看看/情况/看起来/拿捏/真是/服,3,3,3
292,#我国结婚年龄越来越迟#恐婚又恐男，唯不恐迪8,我国/结婚年龄/越来越/迟/恐婚/恐/唯/不/恐迪,1,2,1.5
293,出了人命案人都已经不在了居然还在努力为凶手开脱疯狂宣扬受害者有罪论的人脑子没点毛病吗？难道出了这种性质恶劣手段残忍的命案不应该先找凶手绳之以法然后严厉审判？天天说什么女?散播厌男思想行为不端长了个屌的做了点什么事抱团辩护来得比谁都快真他妈恶心,出/命案/不在/居然/努力/凶手/开脱/疯狂/宣扬/受害者/有罪/脑子/没点/毛病/难道/出/这种/性质/恶劣手段/残忍/命案/不/应该/先找/凶手/绳之以法/严厉/审判/天天/女/散播/厌/思想/行为不端/长/屌/做/点/事/抱团/辩护/来得/快/真他妈/恶心,1,3,2
294,#患艾滋男子性侵15岁女生改判10年#是法律让我每日恐男的谢谢?造成一个女孩子一辈子的阴影结果才判十年,患/艾滋/男子/性侵/15/岁/女生/改判/10/年/法律/每日/恐男/造成/女孩子/一辈子/阴影/才判/十年,3,3,3
295,#上外一男生图书馆下药#现在不仅恐婚，还恐男了,男生/图书馆/下药/恐婚/恐,3,3,3
296,#两口子吵架孕妻被扔高速#每天一个厌男恐婚的小技巧，不知道这种男人为什么要结婚？高速哎，你觉得自己很狂是嘛？,两口子/吵架/孕妻/扔/高速/每天/厌/恐婚/技巧/不/知道/这种/男人/结婚/高速/很狂,3,3,3
297,#女生呵斥图书馆放不雅视频男子遭回怼#我他妈真的恶心吐了每日一恐男,女生/呵斥/图书馆/放/不雅/视频/男子/遭回/怼/妈/恶心/吐/每日/一恐,4,3,3.5
298,最近恐男有点严重路上看到个男的都觉得像渣男,最近/恐男/严重/路上/看到/渣男,2,2,2
299,#警方通报女子被丈夫掌掴23次后吐血#ctm日常恐男，真的有够恶心的，不管怎么样家暴biss,女子/丈夫/掌掴/23/次后/吐血/ctm/日常/恐男/有够/恶心/家暴/biss,4,4,4
300,最近下头事真的一个赛一个地多再这样下去真的要恐男恐恋恐婚,最近/下头/事/赛/地多/下去/恐/恐恋/恐婚,1,2,1.5
301,男的真的越拒绝越不要脸，无语，我再也不要因为我的修养不好意思拒绝随便加人微信了，恶心了喔，我真的恐男嘛？#时悟##唧唧叽叽呱呱#,越/拒绝/越/不要脸/无语/再也/不要/修养/不好意思/拒绝/随便/加人/微信/恶心/喔/恐男嘛/时悟/唧唧/叽叽/呱呱,1,2,1.5
302,有的女的真的别太爱男，雌竞……又厌男了！！！#厌男#,女/别太爱/雌/竞/厌/厌,1,1,1
303,不习惯和男人超过正常范围的身体接触不是很正常吗？我妈老觉得我是因为缺父爱才这样，我就是单纯的……恐男,不/习惯/男人/超过/正常/范围/身体/接触/正常/妈/老/是因为/缺/父爱/单纯/恐,3,3,3
304,真是越看越气，本来说有几个女生的热搜了特开心，还是优秀漂亮妹妹更开心了。就是有sb的男的在下面叫唤还有几个没有脑子的女的，点进资料一看，不是事事不如意没什么过头的男的，就是天天转发想当一个“好女人”的女的。别说厌男了，我都要恐脑瘫了，我出家去得了,真是/越看/越气/本来/女生/热/搜/特/开心/优秀/漂亮妹妹/更/开心/sb/下面/叫唤/没有/脑子/女/点进/资料/一看/事事/不如意/没什么/过头/天天/转发/想当/女人/女/厌/恐/脑瘫/出家,2,1,1.5
305,我爸回来了我的恐男症全天候发作恶梦开始了希望我能熬过去?,我爸/回来/恐/男症/全天候/发作/恶梦/希望/我能/熬过去,1,1,1
306,关于lyfpc的事情一爆出来感觉我又恐男了可能是首页关于pc之类的刷到的太多了,lyfpc/事情/一爆/恐/首页/pc/刷/太多,3,1,2
307,本来还在发呆无聊刷抖音刷到前男友气的我直接脑门一昏鼻血都要气出来了厌男噜,本来/发呆/无聊/刷抖/音刷/前男友/气/直接/脑门/一昏/鼻血/气/厌/男噜,1,1,1
308,其实一个#??厌男就直接能把你红温贴吧还没bb够吗？,厌/直接/红温/贴/没/bb/够,1,1,1
309,同事问我为啥没有男朋友，哈哈哈哈哈当然是恐男啊,同事/问/为啥/没有/男朋友/恐,2,2,2
310,最近严重失眠，长这么大以来第一次失眠这么严重，每天不到早上五点没困意。为了调整作息，我已经在努力了，眼罩耳塞睡前洗澡喝牛奶，可是还是没用，不知道是不是因为换季也有关系，估计还是早上睡太迟了。昨天去食堂吃饭，恍然发现开学那么久只吃过四个窗口，来来回回就是猪扒自选，上星期偶然试了一下酸菜鱼还是不错的。百无聊赖的生活。昨天吃扒饭，因为人太多我本能选择了一个角落解决我的晚饭，正正好面对瑞幸咖啡，我的右边的右边坐着一桌男生，瑞幸咖啡这边有一个大概五岁的女孩，一直在和地上的纸箱玩，还时不时走过来和旁边那一桌男生讲话，突然想起小的时候我大概也是这样的，相比起姐姐更愿意接触哥哥类的人群，以前可能觉得哥哥们都好玩，现在长大了发现男生们也没什么神奇的，都长着两只眼睛一个嘴巴，20出头的我面对不熟的异性过来搭讪甚至会有点恐男。再也没有以前童叟无欺的感觉了。那个小女孩玩的很开心。像我以前一样。就算独自一个人也可以玩好久，无忧无虑，虽然没能当面和她说祝她一直这么开心。那就放在心里吧，希望她长到我这么大还能够一直开心下去，毕竟我都有点因为生活的种种而疲惫不堪难以微笑了。,最近/严重/失眠/长/第一次/失眠/严重/每天/不到/五点/没困意/调整/作息/努力/眼罩/耳塞/睡前/喝牛奶/没用/不/知道/是不是/换季/关系/估计/睡太迟/昨天/食堂/吃饭/恍然/发现/开学/久/吃/四个/窗口/来来回回/猪扒/自选/上星期/偶然/试/酸菜鱼/不错/百无聊赖/生活/昨天/吃/扒/饭/太多/本能/选择/角落/解决/晚饭/正/正好/面对/瑞幸/咖啡/坐/一桌/男生/瑞幸/咖啡/大概/五岁/女孩/一直/地上/纸箱/玩/时不时/走/过来/旁边/一桌/男生/讲话/突然/想起/大概/相比/姐姐/更/愿意/接触/哥哥/类/人群/以前/哥哥/好玩/长大/发现/男生/没什么/神奇/长/两只/眼睛/嘴巴/20/出头/面对/不熟/异性/过来/搭讪/恐男/再也/没有/以前/童叟无欺/小女孩/玩/开心/以前/独自/玩/好久/无忧无虑/没能/当面/祝/一直/开心/放在心里/希望/长到/一直/开心/下去/毕竟/生活/种种/疲惫不堪/难以/微笑,1,1,1
311,玛德家里大扫除太累了全我一个人干完了（厕所?厨房）我哥下午出去晚上回来坐客厅就玩手机纯纯厌男了现在一点胃口也没,玛德/家里/大扫除/太累/全/干完/厕所/厨房/我哥/下午/出去/回来/坐/客厅/玩/手机/纯纯/厌/一点/胃口/没,2,1,1.5
312,每个月会有十天厌男有十天厌世剩余的十天只是极少不多的快乐罢了,每个/月/十天/厌男有/十天/厌世/剩余/十天/极少/不多/快乐,3,2,2.5
313,?今日?（今天终于没忘茄！）上午没课早起失败，下午投融资老师布置了大作业，女人们一通讨论计算爆难，还说我们经济学院的学生都不用我讲的（等等，我什么院来着三年下来，学了数学，计算机，通工，物理，投融资（猜猜我是什么专业这两天微博瓜太多，吃的我厌男了这两天效率不高，明天一定要重新做人,今日/今天/终于/没忘茄/上午/没课/早起/失败/下午/投融资/老师/布置/作业/女/一通/讨论/计算/爆难/经济/学院/学生/不用/讲/院来/三年/下来/学了/计算机/通工/物理/投融资/猜猜/专业/两天/微博/瓜/太多/吃/厌/两天/效率/不高/明天/重新做人,2,1,1.5
314,一直舍不得看，终于忍痛昨天看完，对于丧尸片的热爱让我一直以为自己心理或许有问题，不得不说看完真是酣畅淋漓，意犹未尽，恨不得冲到网飞偷出第三季的全部！差评吐槽女神出场时间太晚的怕是看女神大于剧情，恶补了故事背后的历史，真是慨叹编剧的用心，这种不留一丝怜悯之心大快朵颐的复仇之举让人心血澎湃！！对，我就是要灭了你们全国，然后加入我的丧尸族群，何等霸气又决绝，可能又要犯厌男症了…为女神疯狂打call，yyds！无敌期待第三季能出演，杀到片甲不留。王国：北方的阿信,一直/舍不得/终于/忍痛/昨天/看完/丧尸/片/热爱/一直/心理/或许/问题/不得不/看完/真是/酣畅淋漓/意犹未尽/恨不得/冲到/网飞/偷出/第三季/差评/吐/槽/女神/出场/时间/太晚/怕/女神/大于/剧情/恶补/故事/背后/历史/真是/慨叹/编剧/用心/这种/不留/一丝/怜悯之心/大快朵颐/复仇/之举/心血/澎湃/要灭/全国/加入/丧尸/族群/何等/霸气/决绝/要犯/厌男症/女神/疯狂/callyyds/无敌/期待/第三季/出演/杀到/片甲不留/王国/北方/阿信,3,1,2
315,去年10月和wj去横店看完两个小咔回来就塌了一个还上热搜了这个月初刚上头wxy本来还想着去川西前跟wj路过横店呆几天去看看他结果提前塌了我这该死的眼光上头的都是啥人啊为什么粉个电子男人都要被背刺这个世界是真的想让我当尼姑是吧越来越厌男了,去年/10/月/wj/横店/看完/咔/回来/塌/热/搜/月初/刚/上头/wxy/本来/想着/川西/前/wj/路过/横店/呆/看看/提前/塌/该死/眼光/上头/粉个/电子/男人/背/刺/世界/尼姑/越来越/厌,3,1,2
316,#上外尹某某已被公安带走#最近这新闻看得真的恐男了....,尹/公安/带走/最近/新闻/看得/恐男,3,1,2
317,wb真搞笑随时都有女的说自己恐男然后被很多人附和但凡一个男的说恐女马上就群起而攻之了……这就是所谓的平等吗（本人也恐♂纯粹看不惯当biao子还要立牌坊的某些女的罢了）,wb/真/搞笑/女/恐男/很多/附和/恐女/马上/群起而攻之/所谓/平等/恐/纯粹/看不惯/biao/子/立/牌坊/女,1,1,1
318,因为跟朋友老是骂朋友圈所有的女的的丑老公，以至于有点时间我在想是不是因为我厌男所以看那些男的都觉得丑。直到有一天出现了个不丑的老公才发现其他人的老公是真丑啊,朋友/老是/骂/朋友圈/女/丑/老公/时间/是不是/我厌/丑/出现/不/丑/老公/发现/其他人/老公/真/丑,2,1,1.5
319,今天考完试了古文西文学科语文微格古文比我想象的简单，但是主观题还是等待老师给分学科语文只能说是贵人相助了微格，老师很温柔，我永远喜欢温柔小姐姐西文，哈利波特主题写得像小学生作文，真的需要练练文笔中午很开心的吃了顿饭下午看见了不好的新闻“善良能给人带来什么呢”这是目前一直在思考的问题有点开始恐男了…,今天/考完试/古文/西文/学科/语文/微格/古文/想象/简单/主观题/等待/老师/分/学科/语文/只能/贵人相助/微格/老师/温柔/喜欢/温柔/小姐姐/西文/哈利波/特/主题/写/小学生/作文/需要/练练/文笔/中午/开心/吃/顿饭/下午/看见/不好/新闻/善良/带来/目前/一直/思考/问题/恐男,1,1,1
320,师弟190还总秀肌肉我：恐男了谢谢怎么说，四肢发达确实需要头脑简单一点来增加亲和力（不是,师弟/190/总秀/肌肉/我恐/四肢发达/确实/需要/头脑/简单/一点/增加/亲和力,1,3,2
321,看完更恐男了不过跟朋友们一起窝在厨房看电影可太舒服啦,看完/更恐/朋友/一起/窝/厨房/电影/可太/舒服,1,1,1
322,感觉自己越来越厌男了一想到是男的我就看他很不爽,越来越/厌/想到/不爽,3,1,2
323,我舍友好可爱厌男第一，跟我说什么，好多女生被男的害了。还跟我说她有一个女性朋友也很渣，又谈男又谈女。我。,我舍/友好/可爱/厌/第一/好多/女生/害/女性朋友/渣/谈/谈/女,1,1,1
324,林K长得好看这事还挺让人欣慰的，就像同样的道理男的说就会更让人信服（?一般的社会偏见），“厌男”的话美女说也会更让人信服,林/K/长得/好看/这事/挺/欣慰/同样/道理/更让人/信服/偏见/厌/美女/更让人/信服,1,1,1
325,事实证明我真的恐男了。。不管是好是坏都有点害怕,事实证明/恐男/坏/害怕,3,1,2
326,真的被自习室左右两边俩男的烦到想回家复习并且开始厌男,左右/两边/俩/烦到/回家/复习/厌,3,3,3
327,我真的好不喜欢有男的在我身边，特别是现在这份工作，周围男的浓度过高，我难道恐男吗？还是simply恐78罢了……我不想要他们给我讲不是机器人和机器人之间才会有的对话，不想要他们帮我而这还是因为我东西搬不动我确实无计可施，不想要他们给我抛一个我不知道他们在干嘛在开心什么的表情Jesus,不/喜欢/身边/特别/这份/工作/周围/浓度/过高/难道/恐男/simply/恐/78/不/想要/讲/机器人/机器人/之间/对话/不/想要/帮/东西/搬不动/确实/无计可施/不/想要/抛/不/知道/开心/表情/Jesus,2,3,2.5
328,有些男的整天说你们这么讨厌男的也说明讨厌你爸呗笑死我了是啊讨厌啊怎么了老子的厌男恐男就是我爸从小培养出来的,整天/讨厌/说明/讨厌/爸/笑死/讨厌/老子/厌/男恐/我爸/从小/培养出来,1,1,1
329,#举报钱枫女子回应警方通报#那些骂警察的女拳些，如果你们觉得处处受委屈，求求你们放弃国籍离开中国好么，去国外看看是不是你们吹嘘的平权得到尊重，没有一点脑子无脑跟风黑，现在的微博女拳已经到了厌男的地步，挑起男女对立，被某些歪屁股境外势力当枪使还觉得自己正义凛然,举报/钱枫/女子/回应/骂/警察/女/拳些/处处/受委屈/求求/放弃/国籍/离开/中国/国外/看看/是不是/吹嘘/平权/得到/尊重/没有/一点/脑子/无脑/跟风/黑/微博/女拳/厌/地步/男女对立/歪/屁股/境外/势力/当枪/正义凛然,3,1,2
330,我太他娘难过了哭得脑袋疼为什么我又看了一遍我是嫌自己活的太快乐了么厌男plus了,太/娘/难过/哭/脑袋/疼/一遍/嫌/活/太/快乐/厌/plus,1,1,1
331,(??ω???‖)?再一次做梦梦见前男友，迷迷糊糊里我记得我叹气说了一句“你以后真的别来我梦里了，我在哪都不想见到你”我的老天爷，我到底什么时候才能走出此人带给我的阴影，我严重恐男真的拜他所赐。,一次/做梦/前男友/迷迷糊糊/记得/叹气/一句/以后/别来/我梦里/不想/见到/老天爷/到底/走出/此人/带给/阴影/严重/恐男/拜/赐,2,1,1.5
332,最近是怎么了，越来越恐男了我现在晚上都不敢出去了，以后不会白天也不敢出去了吧,最近/越来越/恐男/不敢/出去/以后/不会/白天/不敢/出去,3,2,2.5
333,看微博看多了真的会恐男...会觉得男的自尊真tm可怕，追求你你拒绝了还有一定几率杀你全家，不能再刷微博了?,微博/看多/会恐/男会/自尊/真/可怕/追求/拒绝/几率/杀/全家/不能/再刷/微博,4,1,2.5
334,真的要厌男了真的很烦很讨厌再给我打电话我真的要骂人了?,要厌/很烦/讨厌/打电话/骂人,3,2,2.5
335,每一次见面都值得被记录ps：和好友聊完以后更加厌男,一次/见面/值得/记录/ps/好友/聊完/以后/更加/厌,2,1,1.5
336,几百年不联系的亲戚要介绍男朋友天知道我厌男症晚期对谈恋爱什么的生理性厌恶我只想一个人孤独终老,几百年/不/联系/亲戚/介绍/男朋友/天知道/我厌/男症/晚期/谈恋爱/生理性/厌恶/孤独终老,2,2,2
337,今天恐男情绪到达顶峰半辈子不想谈恋爱不想靠近男的,今天/恐男/情绪/到达/顶峰/半辈子/不想/谈恋爱/不想/靠近,2,3,2.5
338,本来最近有点儿厌男情绪警察蜀黍凭一己之力打消了我这个念头,本来/最近/有点儿/厌/情绪/警察/蜀黍/一己/之力/打消/念头,1,1,1
339,因为专业没什么男的所以对一堆男的这种群体性概念已经模糊了但一到期末泡图书馆就会马上深深厌男啊又臭又有多动症又爱发出噪音想把他们全丢出去?,专业/没什么/这种/群体性/概念/模糊/一到/期末/泡/图书馆/马上/深深/厌/臭/多动症/爱/发出/噪音/全/丢/出去,2,3,2.5
340,周末真的好多男的在撸铁，给我油的，我真实恐男了,周末/好多/撸/铁/油/真实/恐男,3,1,2
341,厌男情绪上头的时候别说我担了我爸都要被我骂两句。最近怎么总是被男的骚扰恶心???,厌/情绪/上头/我担/爸/骂/两句/最近/总是/骚扰/恶心,2,2,2
342,二次元，同人女和以前的追星族有区别吗？cp是要磕的，游戏是不玩的，谷子是要买的，心理是厌男的，性取向是女同的。知道你们喜欢bl是最高贵的生物了，但互通肛门有什么好看的#二次元##ff7sc##同人#ff7超话,二次元/同人/女/以前/追星族/区别/cp/磕/游戏/不/玩/谷子/买/心理/厌/性取向/女同/知道/喜欢/最高/贵/生物/互通/肛门/好看/二次元/ff7sc/同人/ff7,1,1,1
343,一边说自己厌男一边喊好想要男朋友咋想的啊宝宝,一边/厌/一边/喊/想要/男朋友/宝宝,1,1,1
344,我的妈啊。。我真是对我室友的男朋友无语了。厌男。。。视频跟我室友讨论520的礼物，我室友问她的礼物是什么，男的就说那我也没收到礼物啊，结果就是男的得到礼物。但我室友没见收到?。。。我室友跟他说买了套衣服，这男的直接“那你给我买衣服没”我他妈？？想骂人了。。。,妈/真是/室友/男朋友/无语/厌/视频/室友/讨论/520/礼物/室友/问/礼物/没收/礼物/得到/礼物/室友/没见/收到/室友/买/套/衣服/直接/买/衣服/没/妈/骂人,1,1,1
345,我妈见到我：为啥你把自己打扮的像个男的我：我现在有点恐男…,我妈/见到/为啥/打扮/恐男,2,1,1.5
346,每天一个恐男小技巧，男的就这么管不住下半身吗,每天/恐男小/技巧/下半身,3,1,2
347,又看了一遍卖油郎独占花魁，现在还有这样知情知趣儿的秦卖油吗？我真的有些恐男了除了我爸，没男的会真的对我好吧,一遍/卖油郎/独占/花魁/知情/知趣/秦卖/油/恐男/我爸/没,2,1,1.5
348,不管林丹多么厉害我看到他名字第一反应就是搂着小三拍屁股的那个动图针几把隔应人我现在这么厌男真是一点一点被渣男恶心出来的,林丹/厉害/看到/名字/第一/反应/搂/小三/拍/屁股/动图针/几把/隔应/厌/真是/一点一点/渣男/恶心,3,1,2
349,男人有啥用？除了添堵，还有啥用？好烦，厌男症。赶紧走开走开。,男人/添堵/烦厌/男症/赶紧,2,2,2
350,女人下了狠心，最多也就是离开；而男人（不是全部）……热搜使人间歇性恐男,女人/狠心/最多/离开/男人/热/搜使/间歇性/恐男,3,1,2
351,我真的越来越厌男了。。已经到了看到男的就像呕的程度。,越来越/厌/看到/程度,2,4,3
352,让我爬楼不等电梯居然是因为前面太多男的恐男了,爬楼/不等/电梯/居然/是因为/前面/太多/恐,2,3,2.5
353,p1：和饭搭子的第一顿饭p2：烤肉吃了半天也不知道吃的什么肉p3:送给姥姥的生日榴莲?晚上宿舍聊天好多炸裂的事情，离恐男不远了,p1/饭/搭子/一顿饭/p2/烤肉/吃/半天/不/知道/吃/肉/p3/送给/姥姥/生日/榴莲/宿舍/聊天/好多/炸裂/事情/离恐/不远,1,1,1
354,感觉自己要被逼成厌男症了我国恶臭直男今天死了吗？,逼成/厌男症/我国/恶臭/直/今天/死,2,2,2
355,那些男的一评论我抖音我就觉得好下头……我越来越厌男了,评论/我抖音/下头/越来越/厌,2,1,1.5
356,梦见帅T带我去超市梦见她给我前所未有的安全感厌男症犯了,帅/T/带我去/超市/前所未有/安全感/厌男症/犯,1,1,1
357,感谢svt治愈了我的厌男症??克拉虽远必到????,感谢/svt/治愈/厌/男症/克拉/虽远/必到,1,1,1
358,直说了！厌男！吊癌别来！爹味大爷请去教育你儿子，别来我这儿说教！我懂的比你更多，不需要你来教我做事！,直说/厌/男吊癌/别来/爹味/大爷/请/教育/儿子/别来/说教/懂/更多/不/需要/教/做事,2,3,2.5
359,我真的要恐男了男的好无聊除非给我个长得帅的搞笑男,恐/无聊/长得帅/搞笑,2,1,1.5
360,哥们，我和你都不是一个班的，你为什么每次从我身边走过都要抱怨几句说几句话。。。上次我和室友在回宿舍路上抱怨说考试考砸了，然后你开始安慰我，你的好意我心领了，但是我是很小声的在和室友吐槽啊啊啊啊啊啊主要是咱俩真的不熟啊啊啊啊，你一直安慰我搞的我好尴尬啊，而且。。我恐男都写脸上了,哥们/一个班/每次/身边/走过/抱怨/几句/几句话/上次/室友/回/宿舍/路上/抱怨/考试/考/砸/安慰/好意/我心/领了/小声/室友/吐槽/主要/咱俩/不熟/一直/安慰/搞/尴尬/我恐/写/脸上,3,1,2
361,我不怕有人通过评论摸到这条微博。我虽然恐男厌男但是我和他们说话时是理智且不带偏见的即使评论区的他们作为社会失败的产物一上来就人身攻击我。高学历并不代表好人品很多时候我觉得我身边的人甚至不如学习不好的人有人情味。看到高学历的人说出女权社会这种话时我更坚信了这一点。我觉得现在短视频里女欺负男可以反之则不行的行为确实很令人费解但也就博博眼球。真正相爱的人应该是互相尊重的。但你就此说这是女权？别他妈逗乐了。你去看看zf里有几名女性领导中男女比又是多么偏颇。有人说男暴力女亦然我不完全认同。我说过男女犯罪比例高达90?:3。可能这是古代带回来的习性问题但不可否认的是男性绝无因此继续施暴的理由。所以别跟我扯什么女的也有暴力行为什么有男性暴力行为只是因我爱看。我不爱看的时候就经常刷到了。你说女性暴力只是因为你爱看吧[丰收了]有人说女博主底下不能有男yy评论性转就可以觉得不公平。光这么看确实挺不公平的但是为什么？因为早在女性睁开眼睛之前男就在yy女性了。所以我们现在看到美女评论区底下的蝻会极度厌恶恶心。根本不存在女拳一说只不过是作为破防男的你们断章取义不想放弃自己口中岌岌可危的肥肉罢了。以上所说不带偏见。,有人/评论/摸到/这条/微博/恐男厌/说话/时/理智/不带/偏见/评论/区/失败/产物/人身攻击/高学历/不/代表/人品/很多/身边/学习/不好/人情味/看到/高学历/说出/女权/这种/话/时/更/坚信/一点/短/视频/女/欺负/不行/行为/确实/令人费解/博博/眼球/真正/相爱/应该/互相/尊重/就此/女权/妈/逗乐/看看/zf/几名/女性/领导/中/男女/偏颇/有人/暴力/女/亦然/不/完全/认同/男女/犯罪/比例/高达/903/这是/古代/带/回来/习性/问题/不可否认/男性/绝无/继续/施暴/理由/别跟我/扯/女/暴力行为/男性/暴力行为/爱看/不/爱看/经常/刷/女性/暴力/爱/看吧/有人/女博主/底下/不能/评论性/转/不/公平/光/确实/挺/不/公平/早/女性/睁开眼睛/之前/女性/看到/美女/评论/区/底下/蝻/极度/厌恶/恶心/根本/不/存在/女拳/一说/只不过/破防/断章取义/不想/放弃/口中/岌岌可危/肥肉/所说/不带/偏见,2,2,2
362,感觉自己恐男不仅仅是社会大环境的原因，还有小时候青春期发育，父母性教育没做到位，什么都不科普。所以我现在特别羡慕一些拥有强烈性教育意识的父母的小朋友。以后自己挣钱了去看心理医生吧，追溯源头是从小学发育就开始有的，已经是个病了。,恐男/不仅仅/环境/原因/小时候/青春期/发育/父母/性/教育/没/做到/位/不/科普/特别/羡慕/拥有/强烈/性/教育/意识/父母/小朋友/以后/挣钱/心理医生/追溯/源头/是从/小学/发育/病,3,3,3
363,还666，6你妹啊！那些快手直播的恶臭屌丝男，为什么我发现网上好多男的思维怎么那么恶臭啊！啥那么奇怪啊像小孩子一样真不是我偏见，赚钱也赚得那么没素质，一大老爷们就知道挤人家小姑娘，成功让我恐男了！我祝你们早日升天！,6666/你妹/快手/恶臭/屌丝/发现/网上/好多/思维/恶臭/奇怪/小孩子/真/偏见/赚钱/赚/没/素质/大老爷们/知道/挤/小姑娘/成功/恐/祝你们/早日/升天,3,3,3
364,记录因为厚颜无耻的无赖而摆烂的两天尽快调整好情绪忙自己的事真令人恐男#情绪##情绪管理#,记录/厚颜无耻/无赖/摆烂/两天/尽快/调整/情绪/忙/事/真令人/恐男/情绪/情绪/管理,3,1,2
365,姐妹觉得恶心好几天了吃饭都吃不香了所以放学后我陪她去买点止呕的药昨晚她非常难过的跟我说，她最好的异性朋友之一，在知道这件事之后，居然开玩笑问唉你是不是怀孕了甚至在她表示这样一点也不好笑之后男的还说哎呀只是觉得症状像嘛结合另一个姐妹被职场性骚扰的时候男性好友的态度再结合我遇到过的那些莫名其妙开黄腔的男性我算是明白了为什么我现在恐男我也不想谈恋爱一和男生聊天我就没耐心且易上火只想结束对话仅从我身边案例百分之八十的男人根本不懂什么叫尊重女性剩下百分之二十是要么经历过类似的事情能感同身受要么就是从小的家庭环境让他把尊重别人刻进骨子里妙的是后面这百分之二十我暂时还没遇到过,姐妹/恶心/吃饭/吃不香/放学/陪/买点/止/药/昨晚/非常/难过/最好/异性/朋友/知道/这件/事/居然/开玩笑/问/是不是/怀孕/表示/一点/不好/笑/症状/结合/姐妹/职场/性骚扰/男性/好友/态度/结合/遇到/莫名其妙/开黄腔/男性/算是/明白/恐男/不想/谈恋爱/男生/聊天/没/耐心/且易/上火/只想/结束/对话/仅/身边/案例/百分之八十/男人/根本/不/懂/尊重/女性/剩下/百分之二十/经历/类似/事情/感同身受/从小/家庭环境/尊重/刻进/骨子里/妙/后面/百分之二十/暂时/没/遇到,3,3,3
366,啊啊啊，啊啊啊啊啊，啊啊啊啊啊厌男指数持续增加，真是不想跟有的人有任何瓜葛！,厌/指数/持续/增加/真是/不想/瓜葛,2,2,2
367,朋友说：你怎么比上次聊天厌男10倍了？我回应：谢谢夸奖，觉醒得还是太晚。?,朋友/上次/聊天/厌/10/倍/回应/夸奖/觉醒/太晚,2,1,1.5
368,今天去面试又遇到性别歧视总监举了个例子：如果我招进来一个女的结果没两三个月她说要结婚生孩子了那我不是多一条风险吗妈的女的图啥啊干脆所有工作都男的去做得了男的真的很简单比如怀孕的话女性还要工作兼顾身体男的就顾好自己的工作还会抱怨工作辛苦所以有什么用啊每天恐婚恐育恐男人了爬啦,今天/面试/遇到/性别歧视/总监/举/例子/招进来/女/没/两三个/月/结婚/生/孩子/一条/风险/妈/女/图/干脆/工作/做/简单/怀孕/女性/工作/兼顾/身体/顾好/工作/还会/抱怨/工作/辛苦/每天/恐婚/恐育/恐/男人/爬,2,1,1.5
369,再次意识到我家白猫很恐男，家里来了几个朋友，女人靠近的白只是僵硬，男的距离它还有两米远，只是往前走一步就要准备推开我找地方躲藏，这家伙居然知道人类性别好不可思议,再次/意识/我家/白猫/很恐/家里/朋友/女人/靠近/白/僵硬/距离/两米/远/往前走/一步/准备/推开/找/地方/躲藏/家伙/居然/知道/人类/性别/不可思议,2,1,1.5
370,看了亲爱的敌人第一集恐男了....真的，键男人真的太多了,亲爱/敌人/第一集/恐男/键/男人/太多,2,1,1.5
371,今天和美女打麻将美女笑死我了她厌男的程度笑死她说自己都要变成同性恋了然后抓牌只要是南风她就说：“南给我滚”“看见南就难受”然后被碰了，她开心的“太好了，不用拿了！”什么牌“当然是我最讨厌的南啊”,今天/美女/打麻将/美女/笑死/厌/程度/笑死/变成/同性恋/抓牌/南风/南/看见/南/难受/碰/开心/太好了/不用/牌/讨厌/南,2,1,1.5
372,杨鸣出轨、真的惊呆了、我真的沉迷他好长一段时间、我可是除了本命、就没存过别的男人照片啊、好了、恐男更深了、只能说纸片人yyds,杨鸣/出轨/惊呆/沉迷/好长/一段时间/本命/没存/男人/照片/恐/更深/只能/纸片/yyds,3,1,2
373,永远忘不了十袋勺年团盐耗翔和我哥照片并排放着时盐汽水锐评看到我哥真的会恐男感觉会家暴。,忘不了/十袋/勺/年/团盐/耗翔/我哥/照片/排放/时/盐汽水/锐评/看到/我哥/会恐/家暴,3,1,2
374,求求老天爷放过我吧我真的不想理男的我只是为了取悦自己不为了任何人真的是所有软件的男的都别来打扰我烦死我了我厌男行不行,求求/老天爷/放过/不想/理男/取悦/不/任何人/软件/别来/打扰/烦死/厌/行不行,2,3,2.5
375,厌男心很重看到互联网百分之九十的男生发言都想翻白眼互相尊重太难了,厌男心/很重/看到/互联网/百分之九十/男生/发言/翻白眼/互相/尊重/太难,4,2,3
376,他爹来了这个家又多了一个让我讨厌的人（配偶弟弟蛾子）我得了厌男症？LDiuDiubaby大大雯的微博视频,爹来/家/讨厌/配偶/弟弟/蛾子/厌/男症/LDiuDiubaby/大大/雯/微博/视频,2,1,1.5
377,事情不予评价，就一个点。你他妈谈个恋爱花你了你几百万啊？在这犬吠？真为我宝不值，要算把你两2年的账单全拿出来啊，看谁花的多，一段感情谈钱是最没意思的，谢谢再次恐男，有时候真觉得，这个世界没男人肯定更美好。只会让人宫寒的物种，恶心。,事情/不予/评价/一个点/妈/谈个/恋爱/花/几百万/犬吠/真为/我宝/不值/要算/两/年/账单/全拿/花/一段/感情/谈钱/没意思/再次/恐男/有时候/真/世界/没/男人/肯定/更/美好/只会/宫寒/物种/恶心,1,4,2.5
378,困死我了不想去上学班里还坐了一群似男的不好意思啊上学只会加重我的厌男程度,困死/不想/上学/班里/坐/一群/似/不好意思/上学/只会/加重/厌/程度,2,3,2.5
379,看完恋爱综艺开始恐男了算了吧单着还没有那么多狗屁烦恼,完/恋爱/综艺/恐男/算了吧/单着/没有/狗屁/烦恼,2,2,2
380,现在完全被逼成i人了——非必要不社交更喜欢一个人的生活还有就是更恐男了hhh#自由##活着#,完全/逼成/i/非必要/不/社交/更/喜欢/生活/更恐/hhh/自由/活着,2,2,2
381,管我是直是双反正我已经确定要回归日常生活了我喜欢小孩有小孩就得有家所以别管谈不了女生还是厌男没看得上的男生这不重要这也是我这半年没谈恋爱的原因上半年是忙日语学校很忙这半年是下定决心了吧而且出去玩了俩月回来就是忙也懒得接触人了谁也别耽误谁了就是说,直/双/反正/确定/回归/日常生活/喜欢/小孩/小孩/得有/家/谈/不了/女生/厌/没看/男生/不/重要/半年/没/谈恋爱/原因/上半年/忙/日语学校/很忙/半年/下定决心/出去玩/俩/月/回来/忙/懒得/接触/耽误,2,1,1.5
382,恐男症在加深。。。你以为我看不出来什么意思吗。。。,恐男症/加深/看不出来/意思,2,1,1.5
383,#677的废话bot#我又开始恐男了甚至开始怀疑自己的性取向,677/废话/bot/恐男/怀疑/性取向,2,1,1.5
384,这几天不只是厌男指数直线上升，甚至有点恐男的程度了，真的害怕啊朋友们，呜呜呜呜呜呜呜呜呜，比半夜从我腿边蹭过的老鼠可怕太多,不/厌/指数/直线/上升/恐男/程度/害怕/朋友/呜呜/呜呜/呜呜/呜呜/半夜/腿/蹭/老鼠/可怕/太多,2,2,2
385,恭喜李沧东男士给世界恐男事业添砖加瓦，不对，这已经是造了个长城的程度了,恭喜/李沧东/男士/世界/恐男/事业/添砖加瓦/不对/造/长城/程度,3,2,2.5
386,是不是男人过了50一根筋的概率直达99%厌男(50岁以上偏执自大一根筋屁本事没有还喜欢指手画脚独断专行嗓门大的男的),是不是/男人/50/一根/筋/概率/直达/99/厌/50/岁/偏执/自大/一根/筋屁/本事/没有/喜欢/指手画脚/独断专行/嗓门,2,1,1.5
387,挪到3楼了，旁边又是一个男的，而且还是计算机的(日常厌男)同专业好有压力,挪到/楼/旁边/计算机/日常/厌男同/专业/压力,2,1,1.5
388,厌男症状加重我都已经这样了，为什么不能让他们来姨妈姨妈痛呢,厌/症状/加重/不能/姨妈/姨妈/痛,1,1,1
389,不敢想象如果我有一个老婆一个女儿该有多快乐，真的好厌男啊啊啊啊啊，三次元的男的都是什么垃圾啊,不敢/想象/老婆/女儿/快乐/好厌/三次/元/垃圾,2,2,2
390,呜呜呜呜为什么没人和我一起看冰壶帅哥完全戳我，穿衣显瘦脱衣有肉，斯文败类成熟肌肉型男救命....主要是认真的样子太帅了（下午刚发表完厌男言论piapia打脸）,呜呜/呜呜/没人/一起/冰壶/帅哥/完全/戳/穿衣/显瘦/脱衣/有肉/斯文/败类/成熟/肌肉/型/救命/主要/认真/样子/太帅/下午/刚/发表/完厌/言论/piapia/打脸,1,1,1
391,我刚刚在跟自己说这只是其中的一种并不代表全部并不代表全部我们与其他人沟通的时候没必要把调起那么高，他们不是他，我真的听难过跟气氛的。本来我只需要休息，卧床休息，再处理一些线上的工作就可以了。不，就因为我受伤我还得处理我爸的情绪，我爸的焦虑担忧以及他被拒绝后的受伤。我很难受我真的非常难受！也非常气愤，就永远听不懂话永远沟通不了，我就纳了闷了？我真厌男，非常厌男。就这种玩意我真的气，我处理不了我永远处理不了烦死了快好好沟通不了！老子不想回家他妈也不需要有人来打扰我！就不听！非得来！我真的很烦！,刚刚/不/代表/不/代表/其他人/沟通/没/必要/调起/高/听/难过/气氛/本来/需要/休息/卧床/休息/处理/线上/工作/不/受伤/处理/我爸/情绪/我爸/焦虑/担忧/拒绝/受伤/难受/非常/难受/非常/气愤/听不懂/话/沟通/不了/纳/闷/真厌/非常/厌/这种/玩意/气/处理/不了/处理/不了/烦死/快/好好/沟通/不了/老子/不想/回家/他妈/不/需要/有人/打扰/不/听/非得/很烦,2,3,2.5
392,我看起来很好骗吗？街边吃个雪糕都能找我要微信，还一上来就说出来吃晚饭，我吃你妈，真的别搞我了吧，我恐男,看起来/骗/街边/吃个/雪糕/找/微信/吃晚饭/吃/妈/别搞/恐,3,3,3
393,厌男并且反胃，恶心到吐的那种，呕，真的还不如单身，也挺快乐的，太恶心了,厌/反胃/恶心/吐/单身/挺/快乐/太/恶心,5,4,4.5
394,虽然我很爱看南桐的小说而且嗑的上头，但是越看越厌男，男人就应该跟男人虐来虐去互相折磨到死，一辈子活在彼此的阴影之下，阴暗爬行,爱看/南桐/小说/嗑/上头/越看/越厌/男人/应该/男人/虐来/虐去/互相/折磨/死/一辈子/活在/阴影/之下/阴暗/爬行,2,1,1.5
395,【投稿】6.25无关jk，在一起五年半，分手一个月，现在白天实习很忙也没空想他，结果晚上还是会难过，每天忍不住的去偷看他的微博他的朋友圈，我害怕他有了新的对象才甩了我，又害怕没有单纯因为不爱了腻了甩了我，我发现他已经走出来了才一个月，而我自己不知道怎么办，平时也会和朋友出去玩，也做过思维导图列举他的缺点企图忘记他，我不知道是不是因为时间太久刻在脑子里了毕竟谈的时候我们俩认认真真考虑过结婚，在一起的时候我才高一，无比单纯付出了很多很多。我现在特别厌男，我感觉没有人会真的一直陪着我，看到周围朋友甜甜的恋爱还是会羡慕，现在我自己也不知道该怎么走出来姐妹们骂我也好给建议也好，我希望可以走出来,625/无关/jk/一起/五年/半分/手/一个月/白天/实习/很忙/没/空想/难过/每天/忍不住/偷看/微博/朋友圈/害怕/新/对象/甩/害怕/没有/单纯/不爱/腻/甩/发现/走/一个月/不/知道/平时/朋友/出去玩/做/思维/导图/列举/缺点/企图/忘记/不/知道/是不是/时间/太久/刻/脑子里/毕竟/谈/俩/认认真真/考虑/结婚/一起/无比/单纯/付出/很多很多/特别/厌/没有/人会/一直/陪/看到/周围/朋友/甜甜的/恋爱/羡慕/不/知道/走/姐妹/骂/建议/希望/走,2,1,1.5
396,国人为什么会厌男，因为她的亲人，她的父亲生气时都会骂她是“没用的东西”，而她的弟弟跟朋友说笑时都会造她的黄谣。对于她来说，父亲只不过是每天晚上发脾气吃喝玩乐，而弟弟只是一个只会吸血，完全没有边界的蛀虫,国人/会厌/亲人/父亲/生气/时/骂/没用/东西/弟弟/朋友/笑/时/会造/黄谣/父亲/只不过/每天晚上/发脾气/吃喝玩乐/弟弟/只会/吸血/完全/没有/边界/蛀虫,3,3,3
397,爱女解哪里是爱女和厌男，明明就是在剥夺女性夸帅哥长得帅的权利。。。看到个说金城武丑男的我真的谢谢，谁分我一个丑成这样的丑男做我老公,爱女/解/爱女/厌/明明/剥夺/女性/夸/帅哥/长得帅/权利/看到/金城武/丑男/分/丑成/丑男/做/老公,1,1,1
398,中国男网友致力拉低我对中国普通男人的期待值。因此我每个月都会有那么几天极度厌男，然而我本身又是一个纯直女，所以我很大可能会孤独终老,中国/网友/致力/拉低/中国/普通/男人/期待值/每个/月/极度/厌/纯直/女/很大/孤独终老,3,3,3
399,咱溯溪姐真跟磕了药一样这一天天的舆情观察是根本没有的一天到晚随心所欲嘴上厌男实际上最会转移矛盾指责女的本来高老庄里找的男友你就该稍微藏一藏吧,咱溯/溪姐/真/磕/药/一天天/舆情/观察/根本/没有/一天到晚/随心所欲/嘴上/厌/实际上/最会/转移/矛盾/指责/女/本来/高老庄/找/男友/稍微/藏/一藏,1,1,1
400,你们没朋友圈的是都把我分组了吗，我现在特别恐男,没/朋友圈/分组/特别/恐男,2,1,1.5
401,从十七八岁的时候就一直听说“25岁是人生的一个分水岭”这下真的迎来了人生的分水岭去年生日的时候想起23岁距离30岁和18岁一样遥远，我才意识到，我的23岁也已经远去了那天和妈妈一起在电脑前看小时侯去旅游的照片，一对比才意识到父母真的老了很多但是在我心里妈妈好像还一直是四十岁左右的模样有的时候我经常会想，要是我到了妈妈现在这个年纪，我会变成什么样子。我不敢想，好害怕自己变老，更想到自己五十岁的时候，父母已经七十多的那种恐惧。十二三岁的青春期总觉得二十五岁已经是个厉害的大人了，会有自己的家庭，直到真正到了小时候幻想的美好年纪才发现也没有那么美好，没有像小时候想象的那么厉害，也没有成家，甚至开始恐婚恐男恐老，也不会像以前那样拥有美好的幻想了。好像一切也不过如此,十七八岁/一直/听说/25/岁/人生/分水岭/这下/迎来/人生/分水岭/去年/生日/想起/23/岁/距离/30/岁/18/岁/遥远/意识/23/岁/远去/那天/妈妈/一起/电脑前/小时/侯去/旅游/照片/比才/意识/父母/老/很多/心里/妈妈/一直/四十岁/左右/模样/经常/想要/妈妈/年纪/我会/变成/样子/不敢/害怕/变老/更/想到/五十岁/父母/七十多/恐惧/十二三岁/青春期/总/二十五岁/厉害/大人/家庭/真正/小时候/幻想/美好/年纪/发现/没有/美好/没有/小时候/想象/厉害/没有/成家/恐婚/恐男恐/老/不会/以前/拥有/美好/幻想/不过如此,2,1,1.5
402,我真的会恐男，一个些又油腻又普信的老男人，真以为自己很有魅力吗上来就问美女你有没有对象啊走啊跟我一起吃饭喝酒啊？妈的你活这么大没见过女人是吧，能不能尊重女性啊？,会恐/油腻/普信/老/男人/真/魅力/问/美女/有没有/对象/走/一起/吃饭/喝酒/妈/活/没见/女人/不能/尊重/女性,3,3,3
403,我只能说rap是男人最好的医美平时多普的男人一唱rap就开始喊他帅但想想这种男人背地里有多丑有多邋遢我就想呕果然我就是厌男的命,只能/rap/男人/最好/医美/平时/多普/男人/一唱/rap/喊/他帅/想想/这种/男人/背地里/多丑/邋遢/厌/命,2,1,1.5
404,今日小插曲：厌男症犯的太彻底了（白瞎了我这么多天没说脏话略略略/白眼,今日/插曲/厌男症/犯/太/彻底/白/瞎/多天/没说/脏话/略略/略/白眼,2,1,1.5
405,仇富又恐男，但是个看完越来越爱老公酱的好女孩。,仇富/恐/看完/越来越/爱/老公/酱/女孩,1,1,1
406,天呐怎么会有这么菜还自信满满的男的啊？夸你两句那是恭维你还真当自己全世界最帅最厉害了哇我一个恐男癌晚期患者罢了,天呐/菜/自信/满满的/夸/两句/恭维/真当/全世界/最帅/厉害/恐男癌/晚期/患者,3,3,3
407,果然近期厌男情绪达到巅峰是合理的。。男的都这么贱的吗。。。喜欢对前任的朋友下手,近期/厌/情绪/达到/巅峰/合理/贱/喜欢/前任/朋友/下手,3,1,2
408,既然说到恐男，就不得不说今天我和??走在路上说话，正聊到兴高采烈之处，突然一个男的拿着皱巴巴的传单过来问我俩需不需要了解健身，直接给我俩吓得抖了三抖（没错就是被吓抖了）。连忙摆手拒绝，到公交车站，??想去买个水，发现自动贩卖机前站着两男的，她竟然说等人走了她再过去，结局当然就是没水喝啦,恐/不得不/今天/走/路上/说话/正/聊到/兴高采烈/之处/突然/皱巴巴/传单/过来/问/我俩/需不需要/了解/健身/直接/我俩/抖/三抖/没错/抖/连忙/摆手/拒绝/公交车站/想去/买个/水/发现/自动/贩卖机/前站/两/竟然/走/过去/没水/喝,3,4,3.5
409,地铁硬生生把我逼成了恐男，职场硬生生把我逼成了忍者，还好有小陆让我还可以做自己,地铁/硬生生/逼成/恐/职场/硬生生/逼成/忍者/还好/小陆/做,2,2,2
410,我会预防性拉黑或移粉，男的请不要私信我，我恐男厌男，看见你我恶心，放我一马。,我会/预防性/拉/黑/移粉/请/不要/私信/恐/男厌/看见/恶心/放/一马,4,4,4
411,很想吐槽的一个点，本人恐男+社恐所以基本上眼神对视上就会闪躲，并不是你以为的害羞,吐/槽/一个点/恐男/社恐/基本上/眼神/对视/闪躲/害羞,3,2,2.5
412,每天都会有那么几个男的让人把厌男的情绪推到极致还蛮可怜那种正常男的跟这种哈皮一个类别,每天/厌/情绪/推到/极致/蛮/可怜/正常/这种/哈皮/类别,2,3,2.5
413,谁能想到因为这短短的大半年我开始极度恐男呢一些所谓的正义的普男真的功不可没,想到/短短的/大半年/极度/恐男/所谓/正义/普男/功不可没,2,3,2.5
414,恐男在这一刻达到了顶峰真的是一和男的说话就只会玛卡巴卡但是为什么面试官基本全是男的我哭ps.我爱麻辣拌嘿嘿嘿,恐男/一刻/达到/顶峰/说话/只会玛/卡巴/卡/面试官/基本/全是/哭/ps/爱/麻辣/拌/嘿嘿嘿,2,2,2
415,真的不是我厌男，有些男的是真的不知道自己有多讨厌。,我厌/不/知道/讨厌,3,3,3
416,终于知道自己为啥单身到现在。因为宇直吧。别人撩不动，自己不会撩，甚至别人撩没撩也不知道。暧昧更没戏，暧昧没出现之前就喂了——嗷呜。加上还有点厌男，应该是无法结婚的人了。有点惨是怎么回事。寡人说多了，就真成了孤家寡人。嗯就抱抱自己吧。,终于/知道/为啥/单身/宇直/撩/不动/不会/撩/撩/没/撩/不/知道/暧昧/更/没戏/暧昧/没/出现/之前/嗷/加上/厌/应该/无法/结婚的人/惨是/怎么回事/寡人/真成了/孤家寡人/抱抱,2,3,2.5
417,吴夏帆是抖音里最会拍言情的看她的视频真的会狠狠的想谈恋爱啊啊啊啊但是一到微博看到有些新闻又恐男了……我还是喜欢纸片人算了,吴夏帆/抖/音里/最会/拍/言情/视频/狠狠/谈恋爱/一到/微博/看到/新闻/恐/喜欢/纸片/算了,1,1,1
418,做了个梦…梦里遇见一个男的，本着礼貌和好心的原则给他的小宠物送了一些饲料，结果这个男的误以为我喜欢他，一直说着莫须有的话。感觉耳朵受到了污染，于是我选择了离开。在我想要摆脱他回家的时候，我不知道他尾随我，而且还在我不知情的情况下进了我家，当我发现后立马将他赶出去，一个女生用尽全身力气好不容易将他推出去，锁上门，结果他跟发疯了一样再次用他肥胖的身子撞击我家的门，说让我跟他说清楚，到底跟他过不过…在梦里意识到自己不单单是被?骚扰这么简单，遇上精神不正常喜欢臆想的男人更可怕，我压根没有对他表现出任何喜欢，这个大叔年纪的恶臭男真的让一个女大学生害怕。最后他撞门的力度越来越大，门框侧面几乎都要撞裂开了，我吓得让我弟马上打110……这时候门框已经要被他撞开了，我惶恐不安，一边用身躯堵住门一边用眼睛胡乱地看着周围有无防身的东西，直到我看到一把水果刀放在桌子上……梦到这里就结束了。在梦里，我是非常绝望的，因为这个男人真的很可怕，像一只失控的狮子。我可能会在他把门撞开，警察没来之前用水果刀防身，这难免保证不了我会做些什么出格的事情来，但是已经无所谓了，如果换做在现实中，我估计也会这样做。突然发现，不管是现实还是梦境，都会让我遇见不正常的男性，让刚开始满心期待甜蜜恋爱的小女生变得开始厌男，当然不是指所有男性，只是一系列的经历加起来，感觉我的运气未免也太差劲了…,做/梦梦/遇见/礼貌/好心/原则/宠物/送/饲料/误以为/喜欢/一直/莫须有/耳朵/污染/选择/离开/想要/摆脱/回家/不/知道/尾随/不知情/情况/下进/家当/发现/立马/赶出去/女生/用尽/全身/力气/好不容易/推出/锁上/门/发疯/再次/肥胖/身子/撞击/我家/门/清楚/到底/梦里/意识/不单单是/骚扰/简单/遇上/精神/不/正常/喜欢/臆想/男人/更/可怕/压根/没有/表现/出/喜欢/大叔/年纪/恶臭/女/大学生/害怕/最后/撞/门/力度/越来越/门框/侧面/几乎/撞/裂开/我弟/马上/110/这时候/门框/撞开/惶恐不安/一边/身躯/堵住/门/一边/眼睛/胡乱/看着/周围/有无/防身/东西/看到/一把/水果刀/放在/桌子/上梦到/结束/梦里/非常/绝望/男人/可怕/一只/失控/狮子/把门/撞开/警察/没来/之前/水果刀/防身/难免/保证/不了/我会/做些/出格/事情/无所谓/换/做/现实/中/估计/做/突然/发现/现实/梦境/遇见/不/正常/男性/刚/满心/期待/甜蜜/恋爱/小女生/变得/厌/指/男性/一系列/经历/加/起来/运气/未免/太/差劲,3,1,2
419,其实我真的不太喜欢和不大熟的男的聊天我本来厌男情绪就比较重这哥们到底为啥隔一段时间就要找我聊天….也没办法说人家什么就是给我发个猫猫视频大兄弟还在喂流浪猫说白了可能人不坏给我硬生生卡住,不太/喜欢/不大/熟/聊天/本来/厌/情绪/比较/重/哥们/到底/为啥/隔/一段时间/天/没/办法/给我发/猫猫/视频/兄弟/流浪/猫/说白了/不坏/硬生生/卡住,3,3,3
420,最近①对工作还有躺平有了新的定义②晚上吃火锅的路上去买了臭豆腐在店里遇到男的过来调侃我又日常怼男刚刚吃完火锅回家路上看到两个七八岁模样的男女孩子在打闹玩耍男的那个出手之重呐?我日常恐男日常厌男,最近/工作/躺平/新/定义/吃火锅/路上/买/臭豆腐/店里/遇到/过来/调侃/日常/怼/刚刚/吃/完/火锅/回家路上/看到/七八岁/模样/男女/孩子/打闹/玩耍/出手/之重/呐/日常/恐男/日常/厌,3,1,2
421,一看甜剧就想恋爱一看家庭剧就厌男嗯还是综艺最快乐,一看/甜剧/恋爱/一看/家庭/剧/厌/综艺/快乐,1,1,1
422,今天在看pyq和空间的时候发现好多人上大学以后都找到自己的crush。有时候在想谈恋爱真的是那么重要的事么，为什么我越大会越厌男,今天/pyq/空间/发现/好多/人上/大学/以后/找到/crush/有时候/谈恋爱/重要/事/我越/大会/越厌,1,3,2
423,今日厌男?多大了都还搞不好卫生习惯吗踩到我的雷区真的好容易生气,今日/厌男多/搞不好/卫生习惯/踩到/雷区/好容易/生气,3,1,2
424,这辈子再也不会看伟大浪漫姐写的屎再也不会听又婴又姨的鲤子哥配的剧，什么玩意啊坚持不下去了我彻底认输哪天要是恐男同文/剧这两位功不可没[丰收了],这辈子/再也不会/伟大/浪漫/姐写/屎/再也不会/听/婴/姨/鲤子/哥配/剧/玩意/坚持不下/彻底/认输/恐男同/文剧/两位/功不可没,1,1,1
425,一把子厌男的同时又喜欢看那些真的很甜的情侣们的互动美好的爱情真的有轮不到我而已,一把子/厌/喜欢/很甜/情侣/互动/美好/爱情/轮不到,3,1,2
426,我求求1??击滚出我的首页。我真的厌丑厌男宁厌喜欢生小孩结婚劳务忙内除外,求求/击/滚出/首页/厌丑/厌/男宁厌/喜欢/生小孩/结婚/劳务/忙,2,1,1.5
427,中元节健身后去看“我经过风暴”，半夜两个人包场的电影，恐男情绪再次上升↑下定决心好好健身，好好练车??PS.改天再跟男朋友聊聊吧,中元节/健身/后去/风暴/半夜/包场/电影/恐男/情绪/再次/上升/下定决心/好好/健身/好好/练车/PS/改天/男朋友/聊聊吧,2,1,1.5
428,我感觉我现在社恐（恐男）越来越严重了今天找工作遇到的HR通过软件交换微信之后通过头像发现是位男士以至于现在还没通过好友申请逃避成了我解决问题的方式,社恐恐/越来越/严重/今天/找/工作/遇到/HR/软件/交换/微信/头像/发现/位/男士/没/好友/申请/逃避/成/解决问题/方式,2,2,2
429,本人厌男程度已经到了取关了几个追男星的博主额真的看不了一点男人,厌/程度/取/关了/追/男星/博主额/不了/一点/男人,2,1,1.5
430,对着厌男又渴男五个字笑了三分钟咋办，zng能不能抄点好的,对着/厌/渴/五个/字/笑/三分钟/咋办/zng/不能/抄点,2,1,1.5
431,今天和室友交流完恐男故事后我开始逛桃花手链了好好看好想买,今天/室友/交流/完恐/故事/逛/桃花/手链/好好/看好/想买,2,1,1.5
432,都好久没登小号了今天实在是气不顺世界上的好男人呢？正常男人呢？都灭绝了吗是真的生气了我擦活这么久第一次遇到那样一个装呗的男生真给我涨见识只能扣6（你是谁不说删了）是加的人多了？搞不灵清啦哈哈没事～笑笑就过去啦！明天就忘记掉咯才不会管这有的没的还有pp多么美好的一个女孩子哇为什么上天为什么要这么对她呀我真的好喜欢pp不想让她受伤不想被辜负怎么美好的女孩子都要被那么对待呢如果发生在我身上我该怎么办没法感同身受就是好心疼好心疼pp一定要熬过来呜呜所以爱情这个东西真的太泡沫了吧最近都要恐男啦向往归向往现实怎么就是这样子呢好啦难受归难受专业加油减肥加油！然后动力动力！开开心心过五一！天天开心好好生活（一码归一码）,好久没/登/小号/今天/实在/气/不顺/世界/男人/正常/男人/灭绝/生气/擦/活/这么久/第一次/遇到/装/男生/真给/涨/见识/只能/扣/不/删了/加/搞/不灵/清/没事/笑笑/过去/明天/忘记掉/咯才/不会/没/pp/美好/女孩子/上天/喜欢/pp/不想/受伤/不想/辜负/美好/女孩子/发生/身上/我该/没法/感同身受/心疼/心疼/pp/熬过来/呜呜/爱情/东西/太/泡沫/最近/恐/向往/向往/现实/样子/难受/难受/专业/加油/减肥/加油/动力/动力/开开心心/五一/天天开心/好好/生活/一码/一码,2,3,2.5
433,最近很厌男，非常非常厌男，我想立刻接触又善良又温柔又可爱又正义又干净又整洁又谦逊又低调又有内涵的帅哥哥，真的真的真的太讨厌了那些又邋遢又猥琐又装逼又口臭又大男子主义又动手动脚的男人啦！,最近/很厌/非常/非常/厌/立刻/接触/善良/温柔/可爱/正义/干净/整洁/谦逊/低调/内涵/帅哥哥/太/讨厌/邋遢/猥琐/装/逼/口臭/大男子主义/动手动脚/男人,1,3,2
434,每天网上冲浪每天的感受就是恐男恐婚恐育???,每天/网上/冲浪/每天/感受/恐男/恐婚/恐育,2,2,2
435,这学期实验室的八卦格外多比如师妹一直跟我讲她和隔壁实验室的一个男生的感情进展再比如师弟追研一师妹被拒除此之外之前帮我谱过曲的朋友和谈了四年的男朋友分了不是不想听只是听多见多了这种爱恨情仇越来越觉得无趣我不知道这种心态对不对但是可以肯定的一点是我越发的不想谈恋爱了是恐男吗不可能恐人更确切,学期/实验室/八卦/格外/师妹/一直/讲/隔壁/实验室/男生/感情/进展/师弟/追研/师妹/拒/之前/帮/谱/过曲/朋友/和谈/四年/男朋友/分/不想/听/听多见/这种/爱恨/情仇/越来越/无趣/不/知道/这种/心态/不对/肯定/一点/越发/不想/谈恋爱/恐/不/恐人/更/确切,2,3,2.5
436,上交医学院的?加重了我的厌男情绪#李星玮#,上交/医学院/加重/厌/情绪/李星玮,2,1,1.5
437,#女子称拒绝镇干部前男友发生关系被打伤#？楠的有病是不是，真的恐男了,女子/称/拒绝/镇/干部/前男友/发生/关系/打伤/楠/病/是不是/恐男,3,1,2
438,尽管看侄女说到厌男这种话题会觉得蛮无语，但站在女q的角度大家又都是一个群体，有些男人也确实没有哪一点不值得被讨厌。所以怎么说？做的对！做得好！,侄女/厌/这种/话题/蛮/无语/站/女/q/角度/群体/男人/确实/没有/哪一点/不/值得/讨厌/做/做得好,1,3,2
439,妹子我真不知道该怎么说你。。。本王自从之前听见你那句要是她是女孩子我就喜欢她了的时候就无大语了。。。你是双早说啊没必要说自己是女同然后说是因为厌男所以双变纯拉。。不是妹子你。。。,妹子/真不知道/本王/之前/听见/那句/女孩子/喜欢/无大语/双早/没/必要/女同/是因为/厌/双变/纯拉/妹子,1,1,1
440,讨厌男人但性取向为男，救命，厌男还要源源不断被介绍男的，无语死了,讨厌/男人/性取向/救命/厌/源源不断/介绍/无语/死,2,1,1.5
441,本来就厌男，今天课上那几个男的同时展露出自己的低智的时候我真的很下头?,本来/厌/今天/课上/展露出/低智/下头,3,3,3
442,嗯……我只希望未来谈了恋爱的我不要做恋爱脑不要做舔狗不要碰到普信男谢谢，今天又恐男了,希望/未来/谈/恋爱/不要/做/恋爱脑/不要/做/舔/狗/不要/碰到/普信男/今天/恐,1,1,1
443,不怪我有厌男症世上的低质量男人可以原地离世吗坐个地铁空荡荡的非要往你旁边一站一副急着要下车的样子不知道到底在急什么坐个高铁膀子永远要搭在中间的扶手上，还要外放抖音十个里面有七个都一个德行看上去又臭又脏！！恶心男?,不怪/厌/男症/世上/低质量/男人/原地/离世/地铁/空荡荡/非要/旁边/一站/急/样子/不/知道/到底/急/高铁/膀子/搭/中间/扶手/外放/抖音/十个/里面/七个/德行/看上去/臭/脏/恶心,3,4,3.5
444,完蛋，厌男情绪巅峰了。以前认识的男性朋友都多次会让我觉得被尊重很贴心，现在认识的新人当中，大面积处于“女性是男性附属品”“女性好生养是对你的礼赞”这样的认知里面。令人作呕。,完蛋/厌/情绪/巅峰/以前/认识/男性/朋友/多次/尊重/贴心/认识/新人/当中/大面积/处于/女性/男性/附属品/女性/生养/礼赞/认知/里面/令人作呕,3,3,3
445,直接恐男了啊包被恐男了普信男赶紧死吧赶紧的,直接/恐男/包被/恐男/普信男/赶紧/死/赶紧,2,3,2.5
446,世界上所有的男的果然都一个烂样子，我还在抱什么期待啊，恐男恐男恐男恐男,世界/烂/样子/抱/期待/恐/男恐/男恐/男恐,2,2,2
447,住在这边，让我最深刻的感受就是，越来越厌男了(指某些不礼貌没道德心恶臭自以为是的普信男),住/深刻/感受/越来越/厌/指/不礼貌/没/道德心/恶臭/自以为是/普信男,2,3,2.5
448,我终于知道为什么我虽然厌男但特别迷恋小明的原因了因为我从没把她当爷们,终于/知道/厌/特别/迷恋/小明/原因/从没/爷们,2,1,1.5
449,cc子的秘密小分队超话好烦，范丞丞真的又帅又可爱又懂礼貌又努力，我本来很厌男的,cc/子/秘密/小分队/好烦/范丞丞/又帅/可爱/懂/礼貌/努力/本来/很厌,1,1,1
450,今天吃饭旁边坐了一对男女是那种还没有在一起貌似刚认识还处于暧昧期并且还是第一次见面的那种女生点了个蔬菜沙拉?男生点了个鸡排饭?都是好小一碗并且说话什么的都好尴尬但是我和小耗子桌子上有六个菜一碗米两杯饮料边聊边吃都吃完了妈的吃饭不能点一堆自己想吃的对面还不是自己的饭搭子说话还有一句没一句想着我就难受我觉得我这辈子不会和男生吃饭了怕尴尬的不知道怎么张嘴麻痹的厌男(理想型的大帅哥除外),今天/吃饭/旁边/坐/男女/没有/一起/貌似/刚/认识/处于/暧昧/期/第一次/见面/女生/点/蔬菜/沙拉/男生/点/鸡/排饭/一碗/说话/尴尬/耗子/桌子/上有/六个/菜/一碗/米/两杯/饮料/边聊边/吃/吃/完/妈/吃饭/不能/点/吃/对面/饭/搭子/说话/一句/没/一句/想着/难受/这辈子/不会/男生/吃饭/怕/尴尬/不/知道/张嘴/麻痹/厌/理想/型/帅哥,1,1,1
451,一边说自己“厌男”，一边做擦边主播，是什么意思,一边/厌/一边/做/擦边/主播/意思,1,1,1
452,突然发现，我这个死样子，要不是从学校里带了个男人出来大概率会孤独终老条件好的：条件这么好还单到现在肯定有问题条件不好的：条件不好我找了干嘛而且网上冲浪多了多少有点厌男，我对陌生的男人有一股天然且猛烈的敌意，并且我十分讨厌相亲，朋友介绍的都不行。我爸妈真应该庆幸我和wjk结了婚,突然/发现/死/样子/学校/带/男人/概率/孤独终老/条件/条件/单到/肯定/问题/条件/不好/条件/不好/找/网上/冲浪/厌/陌生/男人/天然/猛烈/敌意/十分/讨厌/相亲/朋友/介绍/不行/爸妈/真/应该/庆幸/wjk/结了婚,1,1,1
453,又看到“生而为异性恋我很抱歉”这种话真的很无语，你他妈厌男你就别谈，有什么好抱歉的，又不是不得不做的事情，在垃圾堆里捡不到宝可把你给委屈死了,看到/生/而为/异性恋/抱歉/这种/话/无语/妈厌/别谈/抱歉/不得不/做/事情/垃圾堆/捡/不到/宝可/委屈/死,1,1,1
454,刚开始自己去医院看医生的时候就好想有人陪着啊可那时候没有，后来就慢慢习惯了，再到后来有时候时间充裕我会“逛一逛”医院的其他楼层，看一看，听一听。要是突然有人说陪你看医生，不了不了不了离我远点我们不熟我八百倍速逃跑人就是这样的，自己好不容易熬过一关又一关达到了一种平衡，别人突然来一脚显示自己的关怀备至或是什么，没必要，不需要，也不要。就很反感，感觉什么都是假的，当然如果是美女就另当别论了（我完了我厌男情绪越来越严重了这不知道咋整,刚/医院/医生/有人/陪/没有/后来/慢慢/习惯/后来/有时候/时间/充裕/我会/逛一逛/医院/楼层/看一看/听/听/突然/有人/陪/医生/不了/不了/不了/远点/不熟/八百/倍速/逃跑/好不容易/熬过/一关/一关/达到/平衡/突然/一脚/显示/关怀备至/没/必要/不/需要/不要/反感/假/美女/另当别论/完/厌/情绪/越来越/严重/不/知道/咋整,1,1,1
455,感觉自己要厌男了?现在想起来真的很恶心真的特别恶心,要厌/起来/恶心/特别/恶心,2,1,1.5
456,阿西。。。真的烦死了。。。10勤最烦的就是37了，最近因为26被迫看了太多37了，恐男症都犯了啊啊啊啊啊,阿西/烦死/10/勤/最烦/37/最近/26/被迫/太多/37/恐/男症/犯,1,1,1
457,最近真的厌男有异性和我聊天约我吃饭我都是骂骂咧咧最后爽约的看见男的就很烦厌男,最近/厌男有/异性/聊天/约/吃饭/骂骂咧咧/最后/爽约/看见/烦厌,2,3,2.5
458,我觉得我身边每一对情侣好朋友都特别好，特别甜，永远祝福他们，在我眼里都在冒粉色泡泡，不管咋样我都觉得可真幸福反观我自己恐恋爱恐婚恐孕恐男以前还没有这么严重，但我真的越来越恐所有男性咱们当哥们就成害不都是姐妹,身边/情侣/朋友/特别/特别/甜/祝福/眼里/粉色/泡泡/咋样/真幸福/反观/恐/恋爱/恐婚/恐孕恐/以前/没有/严重/越来越/恐/男性/哥们/成害/不/姐妹,1,2,1.5
459,很神奇呗！我跟我姐完全没有血缘关系（因为离异但是第一次见面也能聊很好呗，大家都很轻松没负担喜欢跟女孩子贴贴～相反聊类似话题跟学校里的学长就很…也不知道怎么说，总感觉有说教的感觉（可能是他个例也可能是我恐男啊啊内向人讨厌聊天只喜欢讲笑话捏,神奇/我姐/完全/没有/血缘关系/离异/第一次/见面/聊/轻松/没/负担/喜欢/女孩子/贴/贴/相反/聊/类似/话题/学校/学长/不/知道/总/说教/个例/恐/内向/讨厌/聊天/喜欢/讲/笑话/捏,1,1,1
460,我真的厌男了，路上看到陌生男人，我就会非常厌恶他，就觉得：恶心男人。,厌/路上/看到/陌生/男人/非常/厌恶/恶心/男人,3,4,3.5
461,厌男情绪在此刻达到巅峰真的好讨厌没有边界感的人！！！,厌/情绪/此刻/达到/巅峰/讨厌/没有/边界/感,2,3,2.5
462,每次在公交车上有男性靠近我我就发现我是真恐男,每次/公交车/男性/靠近/发现/真恐,2,2,2
463,三次元的男人太恐怖了，幸好当事人不是我不然我直接恐男，虽然已经恐男了，9命哇打西呀吧里好好喜欢二次元纸片人吧??,三次/元/男人/太/恐怖/幸好/当事人/直接/恐男/恐男/命哇/打西/好好/喜欢/二次元/纸片,2,1,1.5
464,#南非#评论区的有些男的是不是以为他们自己离了x欲就活不了别人就也是这样啊……渴女又厌女。爽一把s了和好好活着如果必须选一个他们一定会选择前者。他们完全没有随着人类进化而变得有一丝丝文明，野蛮粗鲁暴力。今日份恐男恐婚恐育达成,南非/评论/区/是不是/x/欲/活不了/渴女/厌女/爽/一把/s/好好/活着/必须/选/选择/完全/没有/人类/进化/变得/一丝丝/文明/野蛮/粗鲁/暴力/今日份/恐男/恐婚/恐育/达成,3,1,2
465,动不动说厌女，我才被这些普信男搞的恐男是真的,动不动/厌女/普信男/搞/恐,1,1,1
466,其实不是恐男，是恐低素质油腻男恶心得我想呕,恐男是/恐低/素质/油腻/恶心,1,1,1
467,自己来吃饭隔壁桌全是男的还好几桌想逃恐男实锤了,吃饭/隔壁/桌全/还好/几桌/逃恐/男实/锤,2,2,2
468,不是你一边说你恐男一边说你看上哪个男生这么撩想谈恋爱有意思吗,一边/恐/一边/看上/男生/撩/谈恋爱/有意思,1,1,1
469,我现在比猫头鹰都清醒只是不想恋爱的厌男的小女孩罢了,猫头鹰/清醒/不想/恋爱/厌/小女孩,1,2,1.5
470,此时此刻恐男的心理达到了顶峰梦里的我都要疯了终于和现实世界的受害人感同身受了我满心欢喜的去找我爱的人玩，有一个男性大半夜跑进了我的宿舍，找到了我的床位，在我的床上睡了一晚上，走的时候还大胆的翻了我的东西，顺走了我的东西，并在监控面前猖狂的做鬼脸。我的舍友告诉我：有一个陌生男人在我的床上过了一夜。此时此刻我的恐惧值达到了顶峰，梦里我在一直请他向我道歉，我一直在找能够让他向我道歉的办法，我去查监控，但是宿管阿姨和我的朋友都像不当一回事一样，说：有什么好查的吗。我找到他，我问他是怎么进到女生宿舍里的，看不出来是女生宿舍吗？他毫不在意的边笑边摆鬼脸说：你就当我晚上吃的火锅把我辣傻了吧。我不明白，这跟我有什么关系，为什么是我。我努力找到我宿舍里有价值的东西，尽量让这起类似于猥亵的案件变成入室抢劫。我的朋友都很开心的享受大学生活，我还在为了让那个男人判刑四处奔走，..他还是cc的朋友。然后突然，cc一个回旋踢把我踢醒了，一时间不着是该感谢她还是怎么，把我从噩梦中救了出来，我更希望cc在梦里也救救我。cc说和妈妈打电话了，我很懵，凌晨四点怎么会打电话，她含糊不清的嘟囔了几句，我知道了，她做噩梦了，好可怜的cc，我在你身边呢，一直都在。不知道cc一个人住的时候做了恶梦会怎么办。,此时此刻/恐男/心理/达到/顶峰/梦里/疯/终于/现实/世界/受害人/感同身受/满心欢喜/找/爱/玩/男性/大半夜/跑/进/宿舍/找到/床位/床上/睡/走/大胆/翻/东西/顺走/东西/监控/面前/猖狂/做鬼脸/舍友/告诉/陌生/男人/床上/一夜/此时此刻/恐惧/值/达到/顶峰/梦里/一直/请/道歉/一直/找/道歉/办法/查/监控/宿管/朋友/不/当一回事/好查/找到/问/进到/女生宿舍/看不出来/女生宿舍/毫不在意/边笑边/摆/鬼脸/吃/火锅/辣/傻/不/明白/关系/努力/找到/宿舍/价值/东西/尽量/这起/类似/猥亵/案件/变成/入室/抢劫/朋友/开心/享受/大学/生活/男人/判刑/四处奔走/cc/朋友/突然/cc/回旋/踢/踢/醒/一时间/不着/感谢/噩梦/中救/更/希望/cc/梦里/cc/妈妈/打电话/懵/凌晨/四点/打电话/含糊不清/嘟囔/几句/知道/做/噩梦/可怜/cc/身边/一直/不/知道/cc/人住/做/恶梦,3,4,3.5
471,我真的要得厌男症了厌男情绪越来越严重怎么办想撩你这么尴尬无语的话是怎么说出来的我回复一个好的你开始撩吧？,厌/男症/厌/情绪/越来越/严重/撩/尴尬/无语/回复/撩,1,1,1
472,sos因为最近社交活动变多导致我的尴尬症和厌男症最近每天都在发作啊啊啊啊啊啊啊啊啊果然还是宅家适合我??????,sos/最近/社交活动/变多/导致/尴尬/症和厌/男症/最近/每天/发作/宅家/适合,2,3,2.5
473,总是时不时的厌男恐男，，，又时不时想和男的聊天谈恋爱。。服了,总是/时不时/厌/男恐/时不时/聊天/谈恋爱/服,1,1,1
474,没法不群体性厌男。在男的成为一个具象的人类之前没法给予很多的尊重，先翻个白眼不过分。,没法/不/群体性/厌/成为/具象/人类/之前/没法/给予/很多/尊重/先/翻个/白眼/分,3,2,2.5
475,我现在处于一种很郁闷的状态不知道是不是姨妈作祟我真的很想谈恋爱但我只想和毛毛鞋谈但是毛毛鞋并不可能和我而我又喜欢不上别人她太特别独一无二真的遇不到第二个像她的她的身高长相性格真的不可能遇到第二个就怕这辈子只喜欢她一个了那我真的一辈子都单了我好想和她说这些我想知道她的想法虽然应该就是拒绝但我总是侥幸因为她说了句她恐男那我是不是有一点点希望这次见面我能感受到很明显的距离感碰到一下就躲开了那种以前天天抱着的关系现在碰一下都碰不了谁能解救我一下,处于/郁闷/状态/不/知道/是不是/姨妈/作祟/很想/谈恋爱/毛毛/鞋谈/毛毛/鞋/不/喜欢/不上/太/特别/独一无二/遇不到/第二个/身高/长相/性格/不/遇到/第二个/怕/这辈子/喜欢/一辈子/单/知道/想法/应该/拒绝/总是/侥幸/句/恐/是不是/希望/见面/能感/明显/距离感/碰到/躲开/以前/天天/抱/关系/碰/碰/不了/解救,1,1,1
476,为什么游泳馆不能分性别游！！！！每次来游泳我的厌男就会达到顶峰,游泳馆/不能/分/性别/游/每次/游泳/厌/达到/顶峰,3,3,3
477,靠北，我好像有那个恐男症……别人恋爱，我：恭喜恭喜，我好羡慕！有人说喜欢我，我：蛙趣，泥奏凯不分对方条件，抗拒到死我这辈子跟恋爱结婚还有缘分么,靠北/恐男症/恋爱/恭喜/恭喜/好羡慕/有人/喜欢/蛙趣/泥/奏凯/不/分/条件/抗拒/死/这辈子/恋爱/结婚/缘分,2,2,2
478,我总是会被男的讲的一些话震惊到。有在恐男?,总是/讲/话/震惊/恐,2,1,1.5
479,今日又略微陷入厌男情绪中，导致连星也不想追。就我这种比事特别多还长得不咋滴的女的，不孤独终老都说不过去。,今日/略微/陷入/厌/情绪/中/导致/连星/不想/追/这种/比事/特别/长得/不/滴/女/不/孤独终老/说不过去,2,1,1.5
480,非得用气泡音吗？吓得我暂停做题就为了重听这个。。。没想到专八听力真题也能让我产生厌男情绪。。。Lpink1号的微博视频,非得/气泡/音/暂停/做题/重听/没想到/专八/听力/真题/产生/厌/情绪/Lpink1/号/微博/视频,3,1,2
481,昨天一个接触时间不到一周的男的问我哪天回国提出跟我一起回国。我说你要考虑两点，一是宿舍到期后要有地住一周，二是机票充裕但你自己的酒店要提前订好，然后人就不吭声了，不知道是不是活在梦里。还有一个男的在我两次午餐没去之后来质问我-都是为了你你却不领情，一气之下还把我移出了群聊。Fine还是你们有脾气每日厌男情绪up,昨天/接触/时间/不到/一周/问/回国/提出/一起/回国/考虑/两点/一是/宿舍/到期/后要/住/周二/机票/充裕/提前/订好/不吭声/不/知道/是不是/活在/梦里/两次/午餐/没去/质问/不领情/一气之下/移出/群聊/Fine/脾气/每日/厌/情绪/up,3,3,3
482,p1朋友圈不给看图p2凌晨5点入住民宿的门口p3谁能想到光鲜亮丽的周理裙子下面是条玉桂狗睡裤呢p4终究还是有两个菜鸡p5奋战通宵第二天大家脑壳整个都是晕的p6下午4点大家陆陆续续清醒p7大合照缺猴p8市委书记都没俞总回家有排面p9这个锦旗文案毫无疑问出自损色-周理俞总金句/俞:你怎么闯红灯啊我:这不是没人了吗难道福建不闯红灯？俞:是中国人不闯红灯我:到时候我想开发一个滴滴摩的小程序你们愿意帮助我吗俞:怎么？是想让我们做你的骑手吗？大家都在吐槽现在的恋爱不懂网恋不接受相亲恐男等等俞:所以你们明白群里为什么单身这么多年了吗？下次见/俺的好朋友们,p1/朋友圈/不/看图/p2/凌晨/点/入住/民宿/p3/想到/光鲜亮丽/周理/裙子/下面/条玉桂狗/睡裤/p4/终究/菜鸡/p5/奋战/通宵/第二天/脑壳/整个/晕/p6/下午/点/陆陆续续/清醒/p7/合照/缺猴/p8/市委书记/没/俞/总/回家/排面/p9/锦旗/文案/毫无疑问/出自/损色/周理/俞/总金句/俞/闯红灯/没人/难道/福建/不/闯红灯/俞是/中国/不/闯红灯/到时候/开发/滴滴/摩/程序/愿意/帮助/俞/做/骑手/吐/槽/恋爱/不/懂/网恋/不/接受/相亲/恐男/俞/明白/群里/单身/多年/下次/见/朋友,2,1,1.5
483,食堂兼职有个长发帅哥我决定这几天都去吃那家！！！！帅哥治愈我恐男妈的,食堂/兼职/有个/长发/帅哥/决定/吃/那家/帅哥/治愈/我恐/男妈,1,1,1
484,妈咪出现在我不那么厌男的最后一年…然后妈咪就是女的了真好真好,妈咪/出现/不/厌/最后/一年/妈咪/女/真好/真好,1,1,1
485,挺恐男的本来一个人面试就有点害怕这下更害怕了,挺恐/本来/面试/害怕/这下/更/害怕,2,1,1.5
486,我永远会对互联网怀揣着不解吧什么年代了有些人还是说话不不过脑子吗真的会恐男,互联网/怀揣/不解/年代/说话/不/脑子/会恐,1,1,1
487,??：给你介绍男朋友吧……我：??不了不了我恐男,介绍/男朋友/不了/不了/我恐,1,2,1.5
488,我疯了呀，中年男人太可怕了，上车拖鞋把脚搭到我这边，一直声音很大的打电话，好像公务很忙的样子，还要打电话和别人讲道理，我真的，我差点觉得他要是不打这个电话，地球就不转了，内心真的一万头草泥马，烦都烦死了，啊啊啊啊啊啊啊啊啊。我有点怀疑别是男人老了都是这样吧，那我祝福自己单身一辈子，我和他再多坐几个小时的车，我就要恐男了。这辈子没有对一个陌生人这么无语过。,疯/中年男人/太/可怕/拖鞋/脚/搭/一直/声音/很大/打电话/公务/很忙/样子/打电话/讲道理/差点/不/电话/地球/不/转/内心/一万头/草泥马/烦/烦死/怀疑/男人/老/祝福/单身/一辈子/坐/小时/车/恐男/这辈子/没有/陌生人/无语,3,3,3
489,#那种一直不谈恋爱的最会玩#整天上网冲个浪还要被骂爷恐男还不行么,一直/不/谈恋爱/最会/玩/整天/上网/冲个/浪/骂/爷/恐/不行,2,1,1.5
490,2023快乐呀！2023开心往前飞！今年除了发了红包，也收到了2023的第一个红包！真好！也许因为不知道为什么的莫名恐男，我总和我身边的男性朋友现实中不知道怎样说话，但是被人惦记的感觉真的很好！无关风月，我希望你们，我们，一直一直好下去！,2023/快乐/2023/开心/往前/飞/今年/发了/红包/收到/2023/第一个/红包/真好/也许/不/知道/莫名/恐男/总和/身边/男性/朋友/现实/中/不/知道/说话/惦记/无关/风月/希望/一直/一直/下去,1,1,1
491,跟室友周末两天看孩子特种兵训练，两个人两天看两个小孩，怎么说呢，也过来了。去了码头买海鲜，串门，去买了点我吃的零食，就是我的脑袋有点大，听了两天我鹅子的哭腔抱抱，有点烦，导致我最近厌男，男的都离我远点,室友/周末/两天/孩子/特种兵/训练/两天/小孩/过来/码头/买/海鲜/串门/买/点/吃/零食/脑袋/听/两天/我鹅子/哭腔/抱抱/有点烦/导致/最近/厌/远点,2,2,2
492,有人厌男有人厌女我好像讨厌所有人类有人的地方我就烦人多的地方我就发脾气我应该离开地球说实在的这个性格像是从小就有的没发生什么事但也不知道是为什么会出现看自己八字午午自刑命带华盖好了性格急躁又孤僻可能真是命里带的,有人/厌/有人/厌女/讨厌/人类/有人/地方/烦人/地方/发脾气/应该/离开/地球/实在/性格/像是/从小/没/发生/事/不/知道/出现/八字/午午/自刑/命带/华盖/性格/急躁/孤僻/真是/命里/带,2,1,1.5
493,#唐山称打人事件给这座英雄的城市抹了黑#我已经恐男了谢谢,唐山称/打人/这座/英雄/城市/抹/黑/恐男,3,1,2
494,啊啊啊啊啊我恐男行了吧行了吧行了吧我再也不和男生讲话了…我真的我头晕脑胀…呜呜呜呜呜呜呜呜呜呜,恐/男行/行/行/再也/不/男生/讲话/头晕/脑胀/呜呜/呜呜/呜呜/呜呜/呜呜,4,4,4
495,*饭后在闲聊姥姥:女铜不好我:可是我恐男妈妈:赵路我:（沉思）（目移,饭后/闲聊/姥姥/女铜/不好/我恐/妈妈/赵路/沉思/目移,1,1,1
496,久久回一次深圳第一想法竟是逃离，再待在这我真要恐男了。,久久/回/一次/深圳/第一/想法/竟是/逃离/再待/真要/恐,2,1,1.5
497,在这上班再一次让我见识到了男的多样性现在听见男的说话就想吐看见男的就烦特别厌男,上班/一次/见识/多样性/听见/说话/吐/看见/烦/特别/厌,4,3,3.5
498,周围唯二正常的，我还觉得很可爱很喜欢的两个男生，胖超和糖糖。别的男生怎么都那么讨厌啊。厌男了。,周围/唯二/正常/可爱/喜欢/男生/胖超/糖糖/男生/讨厌/厌,1,1,1
499,恐男情绪也是早就上升到连男老师的网课都不听的境界了,恐男/情绪/早就/上升/老师/网课/不/听/境界,4,1,2.5
500,有时候会想高中是谈不成恋爱了有点点遗憾转念一想算了还好没谈男的一个样恐男了然后又想为什么我喜欢男的?????,有时候/会想/高中/谈不成/恋爱/遗憾/转念/一想/算了/还好/没谈/一个样/恐男/喜欢,2,3,2.5
501,男人莫名其妙的自信可以分其他人一点吗？可怜的小姐姐又要恐男了。,男人/莫名其妙/自信/分/其他人/一点/可怜/小姐姐/恐,1,1,1
502,我真的好讨厌没用的男人但是我身边全是没用的男人恐男了,讨厌/没用/男人/身边/全是/没用/男人/恐男,1,3,2
503,认识他之前：我恐男。认识他之后：是别的男人都不行！,认识/之前/我恐/认识/男人/不行,1,1,1
504,今日大恐男烦死了出尔反尔烦这烦那的怎么不回家让你妈养你啊,今日/大恐/烦死/出尔反尔/烦/这烦/不/回家/妈养,1,3,2
505,七七的废话星球超话我现在可算是理解我的好多朋友为什么恐男了，男的鬼话我一直不怎么爱相信，当随便听听，但是也别可恶到这种地步，拿别人的感情当笑话就绝了，哈哈哈哈哈哈这一年真好笑,七七/废话/星球/算是/理解/好多/朋友/恐男/鬼话/一直/不怎么/爱/相信/随便/听听/可恶/这种/地步/感情/笑话/绝/一年/真/好笑,2,1,1.5
506,浩和霖的发言从不需要担心过，发自内心的真诚不需要通过一些形式就能感受到，他们的存在告诉我原来世界上还有这样好的少年存在，但我再抬头一看身边男的和网络上自我标榜“阳刚气”“男子汉”的所谓直男，“恐男”情绪达到顶峰，感想是什么呢，浩翔峻霖真好，我还是离男人远一点吧^_^,浩和霖/发言/从不/需要/担心/发自内心/真诚/不/需要/形式/感受/存在/告诉/原来/世界/少年/存在/抬头/一看/身边/网络/自我标榜/阳刚气/男子汉/所谓/直男恐/情绪/达到/顶峰/感想/浩翔峻霖/真/男人/远/一点,1,1,1
507,恐男了真的恐男了怎么办现在看见除了我爸以外的男人都想绕道行走了怎么办,恐男/恐男/看见/我爸/以外/男人/绕道/行走,3,2,2.5
508,看完了恐男恐婚程度+100000000%该说不说这三个姐姐是美的各有千秋啊,看完/恐/恐婚/程度/100000000/说不说/三个/姐姐/美的/各有千秋,2,1,1.5
509,唉小哥哥你们别这样我恐男症非要从十六岁男的就开始恐吗,哥哥/我恐/男症/非要/十六岁/恐,2,1,1.5
510,感觉互联网很多言论都好没意思。不是爱女就是厌女，不是爱男就是厌男，不是辱女就是辱男。对此我只想说，无论男女，只有老实人受伤害的世界达成了,互联网/很多/言论/没意思/爱女/厌女/爱/厌/辱女/辱/对此/男女/老实人/受伤害/世界/达成,1,1,1
511,不知道若干年后的我会不会觉得自己可笑，因为十六岁的一场暗恋、身边人的早恋失败和新闻中的可怕男性而厌男，很可笑吧，不过很可怕啊。尽管父母的感情稳定偶有甜蜜，不过我怎么会遇见那样好的男性呢，不如说现在的社会上能有几个真正意义上的好男人呢。,不/知道/若干年/我会/不会/可笑/十六岁/一场/暗恋/身边/早恋/失败/新闻/中/可怕/男性/而厌/可笑/可怕/父母/感情/稳定/偶有/甜蜜/遇见/男性/不如说/上能/真正/意义/男人,1,1,1
512,恐男真的不开玩笑但是还没办法改变自己的性取向就好像总会被帅的男生所吸引到但还是觉得世界上没几个男的是正常的,恐男/不/开玩笑/没/办法/改变/性取向/总会/被帅/男生/吸引/世界/没/正常,2,1,1.5
513,之前在学校是真的很想谈恋爱，但是放假了就开始恐男了,之前/学校/很想/谈恋爱/放假/恐男,1,1,1
514,呕会有男的这么普通又那么自信每天一个恐男小技巧吐了,呕会/普通/自信/每天/恐男小/技巧/吐,1,1,1
515,我真的很厌男，谁帮男的说话，我也会直接厌谁,很厌/帮/说话/直接/厌,2,2,2
516,恐异真的是一种病症吧我真的已经到看到现实异性恋就会感到生理性不适了哎感觉跟厌男也有点关系，女同学搞过亿我觉得挺好很喜欢跟她一起讨论二次元，但她开始谈恋爱我又忍不住远离远离远离……痛苦,恐异/病症/看到/现实/异性恋/感到/生理性/不适/厌/关系/女同学/搞/亿/挺/喜欢/一起/讨论/二次元/谈恋爱/忍不住/远离/远离/远离/痛苦,4,4,4
517,第二则大男子主义真是服平时最讨厌别人说我以后是贤妻良母那都不是我为自己活我就不能为自己吗我喜欢做饭因为我爱吃上次冰珂来我家给我做吃的我就好感动不是因为你会就必须你做，而是互相珍惜我乐意和认为我应该那是两码事真的是最近厌男今天聊天的朋友很好可优秀的人我得不到,第二则/大男子主义/真是/服/平时/讨厌/以后/贤妻良母/活/不能/喜欢/做饭/爱/吃/上次/冰珂来/我家/做/吃/感动/必须/做/互相/珍惜/乐意/认为/应该/两码事/最近/厌/今天/聊天/朋友/优秀/得不到,2,1,1.5
518,此时此刻厌男情绪达到顶峰，真想把你脑袋拧下来,此时此刻/厌/情绪/达到/顶峰/真想/脑袋/拧下来,2,1,1.5
519,哇塞。。。。。我果然是易泪体质的晚期绝症为什么老刷到那些求婚的，真的好幸福好浪漫啊啊啊！！怎么这么会啊！！我每次都会为这些女孩子的幸福而幸福为什么我已经预设好我的未来了，我真的觉得我和男性这个群体无缘无分哈哈，我有点点恐男，不是觉得他们不好，是经常没有欲望去认识男生，也不太懂他们，感觉怕怕的紧张死了吧就是我朋友们老说我不要老这样怕男生，但事实就是一和男生讲话就特不自在特别嗲特别高冷有时候，和女孩子在一起可骚了，又羊癫疯又霸总文学的玩的可六了为啥一碰到男生就。。。。像木头别人问啥答啥。。然后。。对话结束可能。。。。姐。。。只对有感觉的男生搞一些有趣的一面吧呵呵哈哈哈哈哈哈哈哈哈哈哈哈哈哈哈哈哈哈哈哈哈哈哈哈哈哈哈哈哈哈哈哈哈哈哈哈哈哈反正十七年solo人生我觉得有希望一直到六十岁退休看别人谈恋爱也很幸福啊真的。。。。。,哇塞/易泪/体质/晚期/绝症/老刷/求婚/幸福/浪漫/每次/女孩子/幸福/幸福/预设/未来/男性/群体/无缘/无分/恐男/不好/经常/没有/欲望/认识/男生/不/太/懂/怕怕/紧张/死/朋友/老/不要/老/怕/男生/事实/男生/讲话/特/不自在/特别/嗲/特别/高冷/有时候/女孩子/一起/可骚/羊癫疯/霸/总/文学/玩/六/为啥/碰到/男生/木头/问/答/对话/结束/姐只/男生/搞/有趣/一面/呵呵哈/反正/十七年/solo/人生/希望/一直/六十岁/退休/谈恋爱/幸福,1,1,1
520,虽然还在发烧但是忍着不睡把《她厌男，她是我女友》看完了，真的很有趣的书该睡觉了,发烧/忍着/不/睡/厌/女友/看完/有趣/书/睡觉,1,1,1
521,灰常无语啊碰到普信男了！…问同事要我微信也是不想同事为难就加了就打了个招呼突然来了句你好物质啊………………我的天哪哪来的优越感呢！不好意思我怕了我怕了现在宣布我恐男啊,灰常/无语/碰到/普信男/问/同事/微信/不想/同事/为难/就加/打了个/招呼/突然/句/你好/物质/天/哪来/优越感/不好意思/我怕/怕/宣布/我恐,3,3,3
522,我是什么很贱的人吗一边厌男觉得男人好恐怖，一边羡慕别人谈恋爱啊啊啊啊啊啊人格分裂,贱/一边/厌/男人/恐怖/一边/羡慕/谈恋爱/人格分裂,1,1,1
523,我真的谢。。。这都几百年前的事了完全弯了之后就厌男了但是以前又的确和男的在一起过所以连带着过去的自己都很讨厌?也不熟能不有点b数少tm来膈应我我真的会谢。。,谢/几百年/前/事/完全/弯/厌/以前/一起/连带/过去/讨厌/不熟/不/b/数少/膈应/会谢,2,3,2.5
524,我真的好恶心szj，又一次符合我对男人的刻板印象，当初和shq要死要活离婚八成就是因为不生孩子吧，我真的吐了，好恶心他，贱男人。我真的很讨厌男的，特别特别厌男，因为我没见过正常男的。,恶心/szj/一次/符合/男人/刻板印象/当初/shq/要死要活/离婚/八成/不生/孩子/吐/恶心/贱/男人/讨厌/特别/特别/厌/没见/正常,2,3,2.5
525,我是不是实质恐男但是我只想聊天我是口嗨girl,是不是/实质/恐男/聊天/口/嗨/girl,1,1,1
526,我说那些和我说能理解你恐男的男的真特别好笑怎么你在小学刚发育时被提着空行李箱的男的定点儿跟踪过一个月吗,理解/恐/真/特别/好笑/小学/刚/发育/时/提着/空/行李箱/定/点儿/跟踪/一个月,1,3,2
527,不行了这是人的耳朵能承受的声响吗我旁边的男的也太嗨了我恐男症要犯了,不行/耳朵/承受/声响/旁边/太/嗨/恐/男症/要犯,3,3,3
528,男的怎么都这么恶心人哎哟最近真的见识到物种多样性了，各种sb都一窝蜂涌出来了吗老子真的恐男了,恶心/最近/见识/物种/多样性/sb/一窝蜂/涌出来/老子/恐男,3,2,2.5
529,我擦我现生真的恐男在路上直接过来要微信的吓得我跳出两米远并来句：我有男朋友了走过后同事问我哪来的男朋友我：全圆佑啊,擦/现生/恐男/路上/直接/过来/微信/跳出/两米/远/句/男朋友/走过/同事/问/哪来/男朋友/全圆佑,4,4,4
530,刚刚又去回顾了下飞针的那条朋友圈，然后突然发现给我点赞的都是女生，这样想来我好像很久很久都没有男性朋友了，好像知道了我越来越恐男的原因了???,刚刚/回顾/飞针/那条/朋友圈/突然/发现/点赞/女生/想来/很久很久/没有/男性/朋友/知道/越来越/恐男/原因,1,1,1
531,他妈我感觉我现在真的厌男对男人的认识只能停留在表面稍微深入一点就开始嫌弃了。。,他妈/厌/男人/认识/只能/停留/表面/稍微/深入/一点/嫌弃,2,2,2
532,如果世界上的男的都这么恶心，我真的是要厌男了！一辈子我也不想结婚,世界/恶心/厌/一辈子/不想/结婚,2,2,2
533,别人：弟弟好帅我是弟控我：尼玛的sb弟弟我真的会厌男,弟弟/好帅/弟控/尼玛/sb/弟弟/会厌,2,1,1.5
534,今天中午还发生了一件我真的觉得是我人生最尴尬的一件事情啊啊啊啊现在想想还好当时想想我真的尴尬的想找个洞钻进去...我要恐男了...我再也不敢和男生讲话了尼玛啊我真的…TTTTT,今天/中午/发生/一件/人生/尴尬/一件/事情/想想/还好/当时/想想/尴尬/找/洞/钻进去/我要/恐/再也/不敢/男生/讲话/尼玛/TTTTT,2,2,2
535,没到30呢就被催婚了，很难理解我爸妈这代人的思想更厌男了妈的,没到/30/催婚/难/理解/爸妈/代人/思想/更厌/妈,2,1,1.5
536,今天的微博看得我恐男厌男了，一些返祖现象令人作呕,今天/微博/看得/我恐/男厌/返祖现象/令人作呕,3,1,2
537,吃了点霓虹♂声优的瓜，感觉有些人是真无脑捧啊，在我没有特意搜索的前提下完全没有听说过这些东西。一天天避雷这避雷那，结果这么大瓜也没见你们避雷的，现在就是恶心且厌男,吃/点/霓虹/声优/瓜/真/无脑/捧/没有/特意/搜索/前提/完全/没有/听说/东西/一天天/避雷/避雷/大瓜/没见/避雷/恶心/厌,2,1,1.5
538,在家待一个月了比厌倦我妈更快的是烦我爸真的厌男时不时带有警告信性地要是他这样他妈早就怎样怎样咋滴啦爱比烂？还说大声叫我赶紧准备考试考事业单位神经病我就是不爱读书不爱考试想直接去上班而不是考试去上班or上班还要考试好吗神经病,在家/一个月/厌倦/我妈/更快/烦/爸/厌/时不时/带有/警告/信/性地/他妈/早就/滴/爱/比烂/大声/赶紧/准备/考试/考/事业单位/神经病/不爱/读书/不爱/考试/直接/上班/考试/上班/or/上班/考试/神经病,3,1,2
539,鹭卓，乱扔东西的毛病改一改吧。真的很恐男的摔东西。本来摔手机的时候就恐了，现在又是摔零件又是摔牌子，真的很难受了。,鹭卓乱/扔/东西/毛病/改一改/很恐/摔/东西/本来/摔/手机/恐/摔/零件/摔/牌子/难受,3,1,2
540,#汤家凤#可以呼吁理智追星，但是请不要用侮辱的词汇，而且你也没有尊重他人，别人追星和你没有关系，随意批判人引得一帮厌男也厌女的并且也是不会尊重人的东西带着阴阳嘲讽的话语到处喷，在高数上您是有成就的，在做人上呢，害当然了也理解嘛毕竟男人嘛就是喜欢教人做事，遇到看不惯的就开始爹味思想，不管是有一定成就还是没一定成就的到了年龄都差不多嘛，闲的哈。,汤家凤/呼吁/理智/追星/请/不要/侮辱/词汇/没有/尊重/追星/没有/关系/随意/批判/引得/一帮/厌/厌女/不会/尊重/东西/带/阴阳/嘲讽/话语/到处/喷在/高数/成就/做人/害/理解/毕竟/男人/喜欢/教人/做事/遇到/看不惯/爹味/思想/成就/没/成就/年龄/差不多/闲,1,1,1
541,okay我看第二季第二集这老师那么恐男果然是深柜哈，感觉自己姬达灵灵哒,okay/第二季/第二集/老师/恐男/深柜哈/姬达/灵灵,1,1,1
542,高中的男的怎么都这么恶心??他们说话之前不知道过过脑子吗??真的恐男了??,高中/恶心/说话/之前/不/知道/脑子/恐男,3,4,3.5
543,亲身经历真的不要为一个人规划前途因为你不会知道这个人到底值不值得我哥他们高中那个班里有一对情侣报大学的时候两个人报了同一所男的高考有点失利和女的一起上了武汉大学我哥他们都以为这一对能一直在一起结果在疫情期间新生报道交往了这么多年在短短一个月内男的找了个学妹其实我觉得这个男的早就想分手了本来打算高中毕业再分结果考上同一个大学没理由分了就这样将就了一年然后早就找好下家挺无语的每天一个恐男小技巧,亲身经历/不要/规划/前途/不会/知道/到底/值不值得/我哥/高中/班里/情侣/报/大学/人报/同一/高考/失利/女/一起/武汉大学/我哥/一直/一起/疫情/期间/新生/报道/交往/多年/短短/一个月/找/学妹/早就/分手/本来/打算/高中毕业/再分/考上/同一个/大学/没理由/分/一年/早就/找/下家/挺/无语/每天/恐男小/技巧,3,3,3
544,时团小猪们有点治愈了我的厌男症，因为一群可爱小动物是没有性别(??3(???c),时团/小猪/治愈/厌/男症/一群/可爱/动物/没有/性别/3c,1,1,1
545,还有自从分了后我有了严重的厌男除了svt哈哈哈哈哈哈哈哈哈哈哈哈哈,分/严重/厌/svt,1,1,1
546,今天看到一个所谓的瓜以前看瓜都是抱着吃瓜心态今天看到那个瓜真的…看完心里特别特别难受就是觉得为什么人可以如此坏怎么会有这么贱的人渣啊在结合我自己的身边事一下子对那些同族的男的都很反胃见识短没三观行为极其恶劣全部都蛐si！！！第一次如此的厌男真的太恶心太恶心恶心的我打yue…??,今天/看到/所谓/瓜/以前/看瓜/抱/吃/瓜/心态/今天/看到/瓜/看完/心里/特别/特别/难受/坏/贱/人渣/结合/身边/事/一下子/同族/反胃/见识/短/没/三观/行为/极其/恶劣/蛐/si/第一次/厌/太/恶心/太/恶心/恶心,3,4,3.5
547,怎么回事儿啊，网络上好喜欢帅哥，现实中有点恐男。,回事儿/网络/上好/喜欢/帅哥/现实/中/恐男,1,1,1
548,恐男，别他妈给我发信息别再抖音艾特我了我不想又想,恐男别/妈/给我发/信息/抖音/艾特/不想,3,3,3
549,班主任极奇厌男语文老师却爱男。。说“我打男人生人家一下子就没事了我打一下女生你们记我一辈子你们有男生那种胸襟吗。”。。如何评价,极奇厌/语文/老师/爱/男人/生/一下子/没事/女生/记/一辈子/男生/胸襟/评价,1,1,1
550,#赵丽颖谈30岁一定要结婚#嗯姐姐啊现在都恐男,赵丽颖谈/30/岁/结婚/姐姐/恐,1,1,1
551,关于一个勤劳的周末晚上不辞辛劳千里跋涉的探店永远喜欢西北菜关于我最近的厌男症没有什么比事业更美好,勤劳/周末/不辞辛劳/千里/跋涉/探店/喜欢/西北/菜/最近/厌/男症/没有/事业/更/美好,1,1,1
552,好恶心在外别人说啥都信被别人当傻子叫花子耍，对内打肿脸也要咬牙充胖子别人给的啥都好自己家的就是破烂的极度大男子主义的男的真是越长大越厌男越恐婚,恶心/在外/信/傻子/叫花子/耍/对内/打肿/脸/咬牙/充/胖子/家/破烂/极度/大男子主义/真是/越/长大/越厌/男越/恐婚,3,3,3
553,#男子因吵架拿啤酒瓶刺死女友#恐男的一部分原因来自男罪犯另外一部分来自帮男罪犯开脱的男人。所以别再催婚催孕了，女孩子活着比什么都重要??,男子/吵架/啤酒瓶/刺死/女友/恐男/一部分/原因/罪犯/一部分/帮/罪犯/开脱/男人/催婚/催孕/女孩子/活着/重要,3,2,2.5
554,现在因为我爸，我已经完全厌男了，以后装修房子都想用蹲便了,我爸/完全/厌/以后/装修/房子/想用/蹲/便,2,1,1.5
555,要出趟远门。一个男性朋友说，“你有可能遇到不错的异性。”我说大概率我不会，我现在有点厌男。他说最近男性表现得是不太好。我说，“最近吗？”他：“最近这两年”我：“最近五千年。”,出趟/远门/男性/朋友/遇到/不错/异性/概率/不会/厌/最近/男性/表现/不太好/最近/最近/两年/最近/五千年,1,2,1.5
556,真的很好笑，很多年前的朋友来问一直没谈恋爱是不是心里还放不下陈老师，我现在只是单纯厌男啊觉得所有对我有朋友以外感情的男的都好恶心,好笑/很多年/前/朋友/问/一直/没/谈恋爱/是不是/心里/放不下/陈老师/单纯/厌/朋友/以外/感情/恶心,3,3,3
557,发现自己有点“厌男症”了当然不是所有的哈只是针对那些猥猥琐琐油油腻腻的,发现自己/厌男症/猥/猥琐/琐油/油腻腻,1,1,1
558,我不想谈恋爱了我好累我想一个人我要开始厌男了我讨厌男人后大悔感觉毫无意义感受不到情绪价值啊啊啊啊啊,不想/谈恋爱/好累/厌/讨厌/男人/后大悔/毫无意义/感受/不到/情绪/价值,2,3,2.5
559,我恐男了男人都去死吧男人不适合当医生（暴言）,我恐/男人/去死吧/男人/不/适合/医生/暴言,1,1,1
560,姐妹们，你们可以恐男厌男骂男，但是你们千万别跟男的动手，打不过的，那些打得过的只不过是在让你而已，有困难一定要寻求帮助，不要拿自己的生命开玩笑。,姐妹/恐男厌/骂/千万别/动手/打得/只不过/困难/寻求/帮助/不要/生命/开玩笑,1,1,1
561,该死的渣男！！！朱一龙演的太好了我现在恐男hhh,该死/渣男/朱一龙演/太好了/恐男/hhh,1,1,1
562,厌男了又来追星就是因为去年遇到了一个沙壁前任想逃避现男一直到现在都很不想跟男的接触只能说追星也得擦亮眼睛,厌/追星/去年/遇到/沙壁/前任/逃避/现男一/直到现在/不想/接触/只能/追星/擦亮眼睛,3,1,2
563,什么时候能上学啊艹再在家呆下去我彻底厌男了,上学/艹/在家/呆/下去/彻底/厌,2,1,1.5
564,我的蜜儿自己谈甜甜的恋爱但是每天给我发恐男小技巧,蜜儿/谈/甜甜的/恋爱/每天/给我发/恐男小/技巧,2,1,1.5
565,今天也是厌男的一天??ps：只针对部分人我的朋友很感谢你们（真实的,今天/厌/ps/部分/朋友/感谢/真实,1,1,1
566,因为周二要出差四天每天都得和男的一起工作我就开始焦虑暴躁厌男和想家感觉每晚都会在酒店抹泪,周二/出差/四天/每天/一起/工作/焦虑/暴躁/厌/想家/每晚/抹泪,4,1,2.5
567,选择性厌男平常：烦死了男人没一个好东西看到帅哥：求求了给我个帅哥谈恋爱吧,选择性/厌/平常/烦死/男人/没/东西/看到/帅哥/求求/帅哥/谈恋爱,1,1,1
568,还说厌男这一天到晚的心思都在男的身上了不得不说厌的只能是又丑又坏的男的帅哥我永远喜欢！,厌/一天到晚/心思/身上/不得不/说厌/只能/丑/坏/帅哥/喜欢,1,1,1
569,不是，老来看我干嘛？微博可以看访客记录了不知道？男的还来，男人不能上网不知道吗？我的微博厌男??拉黑了别来了女的也是，要不你就大大方方关注我看我，再这样我直接拉黑了另：??本人搞博君一肖本人搞博君一肖本人搞博君一肖本人搞博君一肖本人搞博君一肖??,老/来看/微博/访客/记录/不/知道/男人/不能/上网/不/知道/微博/厌/男拉黑/别来/女/不/大大方方/关注/直接/拉/黑/搞博君/一肖/搞博君/一肖/搞博君/一肖/搞博君/一肖/搞博君/一肖,3,3,3
570,说实话最近有点厌男。厌现实生活中身边的男。,说实话/最近/厌男厌/现实生活/中/身边,2,2,2
571,一个体感喜欢天天骂男的的和发表厌男语录都没有真的多恨，甚至也很有可能是爱男姐，真的对男的没什么兴趣的一般聊都不太聊，直接无视了，就男的爱活活，爱死死。,体感/喜欢/天天/骂/发表/厌/语录/没有/多恨/爱/男姐/没什么/兴趣/聊/不太聊/直接/无视/爱/活活/爱/死死,1,1,1
572,很認真地去和部門裡的人分享了自己的性格缺陷雖然說到恐男的時候大家都笑了但是還是覺得自己在分享的時候有被認真對待,认真/地去/部门/分享/性格/缺陷/恐/笑/分享/认真对待,2,1,1.5
573,男人滚出我的微博给我点赞评论私信见一个我拉黑一个我厌男究极无敌厌男。看到男的就想呕,男人/滚出/微博/点赞/评论/私信/见/我拉黑/我厌/男究极/无敌/厌/看到,1,3,2
574,《她厌男，她是我女友》没多犀利，但好读，像看微博首页。女性处境，东亚也太像了；对变化浑然不觉、察觉后怀念从前的男人形象也很典型；而觉醒后的女人，就是回不去了（里面的“我”还想把她教训回年轻时憧憬婚姻的样子,厌/女友/没多/犀利/好读/微博/首页/女性/处境/东亚/太/变化/浑然不觉/察觉/怀念/从前/男人/形象/典型/觉醒/女人/回不去/里面/教训/回/年轻/时/憧憬/婚姻/样子,1,1,1
575,#婴儿高铁上哭闹女子和宝妈对骂#现代人厌男厌女厌老厌幼人类是不是已经不合适群居了,婴儿/高铁/哭闹/女子/宝妈/对骂/现代人/厌/厌女/厌老/厌幼/人类/是不是/不/合适/群居,2,1,1.5
576,吓晕遇到过要vx的直接yp的还是第一次我说这些楠的别太荒谬了闲的没事分点自信给我恐男惹早晚??被剁掉,晕/遇到/过要/vx/直接/yp/第一次/楠/太/荒谬/闲/没事/分点/自信/恐/惹/早晚/剁/掉,3,3,3
577,该说不说认真在自己兴趣爱好/专业领域努力的男生真的很有魅力就是会让我很有好感不管是竞体还是音乐/辩论/舞蹈等等方面的但目前还是恐男哈哈,说不说/认真/兴趣爱好/专业/领域/努力/男生/魅力/好感/竞体/音乐/辩论/舞蹈/方面/目前/恐男,1,1,1
578,伽罗王塌房了。。。这男的装得太深了自从摇光塌了之后听他说不会这样现在想想真是太天真啧啧啧男人太会装了每日恐男指标达成现在马场就剩星星能听他的歌了哪天要是他也塌了我可真的没歌听了,伽/罗王/塌房/装得/太深/摇光/塌/听/不会/想想/真是/太天真/啧啧/啧/男人/太会/装/每日/恐男/指标/达成/马场/剩/星星/听/歌/塌/没歌/听,2,1,1.5
579,额家旁边是一个小公园大晚上了两个男的在公园里嘶吼?情歌对唱被人骂了还骂骂咧咧“我?你老姆”恐男大概就来源于这种生活的点点滴滴,额家/旁边/公园/公园/嘶吼/情歌/对唱/骂/骂骂咧咧/你老/姆/恐/大概/来源于/这种/生活/点点滴滴,2,1,1.5
580,完辽，感觉自己得了厌男症一跟男的聊天我就极度不耐烦白眼翻上天,完辽/厌/男症/聊天/极度/不耐烦/白眼/翻/上天,4,4,4
581,#女作家因两次被提醒管好小孩向12306投诉#姐真的厌男，厌童，厌自以为是的宝妈都是一类货丨啊纱呗们,女作家/两次/提醒/管好/小孩/12306/投诉/姐/厌男厌/童厌/自以为是/宝妈/一类/货/丨/纱,1,1,1
582,还有就是下午妈妈?和我说，昨天叶1??腾和我们分别后在那里哭想找我们玩，我第一反应就是这小孩竟然有戒断反应！带着他逛街的时候小手不自觉地会挽着我，我真的好喜欢他，有时候我会想虽然我真的厌男但是他要是我亲弟弟的话我肯定更疼他,下午/妈妈/昨天/叶/哭/找/玩/第一/反应/小孩/竟然/戒断/反应/带/逛街/小手/不/自觉/地会/挽着/喜欢/有时候/我会/厌/我亲/弟弟/肯定/更/疼,2,1,1.5
583,认识才两天的男生朝你挑眉是啷个回事嗦有点生理不适恐男症更严重了,认识/两天/男生/挑眉/啷/回事/嗦/生理/不适/恐男症/更/严重,3,3,3
584,#我经历风暴#题材立意很好剧情和实际要反应题材的表现力还差点低于期待值票价超过三十就可以不用考虑了当然佟丽娅还是好漂亮男人真的恶心我恐男一辈子,经历/风暴/题材/立意/剧情/实际/反应/题材/表现力/差点/低于/期待值/票价/超过/三十/不用/考虑/佟丽娅/漂亮/男人/恶心/我恐/一辈子,1,1,1
585,我他妈真的厌男第一名了死不死啊他妈一天好心情都坏了我日,妈/厌/第一名/死/不/死/妈/心情/坏/日,2,1,1.5
586,心动的信号这个瓜吃得我……吐了……日常恐男1/1,心动/信号/瓜/吃/吐/日常/恐男/11,2,1,1.5
587,第二个我真的恐男了你们男的有一个正常人吗？,第二个/恐男/正常人,2,1,1.5
588,每天辅导这个死小孩让我的厌男和不生小孩的情绪达到顶峰,每天/辅导/死/小孩/厌/不/生小孩/情绪/达到/顶峰,3,3,3
589,温柔体贴的纸片人看多了就会对现实男的感到失望和无语又因此恐男而喜欢纸片人就此陷入循环我说,温柔体贴/纸片/现实/感到/失望/无语/恐男而/喜欢/纸片/就此/陷入/循环,3,1,2
590,[交税][交税][交税]咱就是说恐男乍一看我还以为是女医生,恐男/乍一看/女医生,2,1,1.5
591,【厌男】——[锦鲤附体]离火运来啦，厌男情绪越来越严重～厌娃情绪也会越来越严重。现在00后的妹纸，普遍跟我反应，不想结婚，不想生娃，恋爱能谈就谈，谈不了就算，别烦我～,厌/锦鲤/附体/离火/运来/厌/情绪/越来越/严重/厌娃/情绪/越来越/严重/00/妹纸/普遍/反应/不想/结婚/不想/生娃/恋爱/能谈/谈谈/不了/别烦,3,3,3
592,我要在现在这个时候遇见十七岁的我爸，听到他的脑残男发言可能会一拳捶死他厌男了,我要/遇见/十七岁/爸/听到/脑残/发言/一拳/捶/死/厌,4,1,2.5
593,行了，给我自己整笑了，哪有这么脆弱，棍蛋，深夜厌男,行/整笑/脆弱/棍蛋/深夜/厌,2,1,1.5
594,谁规定只能喜欢一个人啊小学喜欢我们班主任她儿子，然后她儿子跟我同桌在一起了初中最初暗恋应该是初中语文老师，喜欢他，想引起他注意，故意上他课睡觉，他可讨厌我了还有初中一个前桌，长的挺帅，但爱装逼，后来觉得他有病就不喜欢了还有初中一个同桌，没考上重点高中，去了职高，后来看他平时发的视频，发现他成了精神小伙，觉得他配不上我了高中同学，因为经常会想到他，经常做梦梦到他也喜欢我，不过偶然听到，他跟一群男生在背后说我坏话，也就觉得恶心了，而且我觉得他根本就不喜欢我，他只喜欢长得好看的，我不好看大学还没上完，就是大学碰到的下头男有点多，最近有些厌男,规定/只能/喜欢/小学/喜欢/儿子/儿子/一起/初中/最初/暗恋/应该/初中语文/老师/喜欢/引起/注意/故意/课/睡觉/讨厌/初中/前/桌长/挺帅/爱装/逼/后来/病/不/喜欢/初中/没考上/重点高中/职高/后来/平时/发/视频/发现/他成/精神/小伙/配不上/高中同学/经常/想到/经常/做梦/喜欢/偶然/听到/一群/男生/背后/坏话/恶心/根本/不/喜欢/喜欢/长得/好看/不/好看/大学/没上/完/大学/碰到/下头/最近/厌,1,3,2
595,青蛇看得我很疑惑啊，比白蛇还疑惑...厌男还是不要看青蛇了...,青蛇/看得/疑惑/白蛇/疑惑/厌/不要/青蛇,1,1,1
596,我他妈真实恐男了他们脑子里都装着什么？无语住了只要这个男人是个正常人就已经超过同龄男人的95%了,妈/真实/恐男/脑子里/装/无语/住/男人/正常人/超过/同龄/男人/95,2,1,1.5
597,真恶心，如果把我哥骂人发怒录视频发上网，一定爆红，足够把厌男话题推到最高峰,真/恶心/我哥/骂人/发怒/录/视频/发/上网/爆红/足够/厌/话题/推到/最高峰,3,1,2
598,#林英雄陷入厌男争议#国男爱韩男，支持互捅,林/英雄/陷入/厌/争议/国男爱/韩/支持/互/捅,1,1,1
599,我的快乐源泉超话你妈厌男症了已经还讨厌家里有些碎碎叨叨的人永远站不到统一战线永远在这内讧,快乐/源泉/妈厌/男症/讨厌/家里/碎碎/叨叨/站/不到/统一战线/内讧,2,1,1.5
600,粉鞠姐吧这姐我看是真厌男韩素汐装死了吃雪莉人血馒头装yy私下跟渣男无缝衔接算了还有脸阴阳别人真是EXO(O不发音),粉鞠姐/这姐/真厌/韩素汐/装死/吃/雪莉人/血馒头/装/私下/渣男/无缝/衔接/算了/脸/阴阳/真是/EXOO/不/发音,1,1,1
